rank,molecule_chembl_id,pref_name,smiles,PS,P_ABL1,P_c-KIT,P_PDGFRB,rank_ABL1,rank_c-KIT,rank_PDGFRB,max_train_sim,heavy_atoms,in_ad,ad_rank,ad_rank_pct
1,CHEMBL2105708,PONATINIB HYDROCHLORIDE,Cc1ccc(C(=O)Nc2ccc(CN3CCN(C)CC3)c(C(F)(F)F)c2)cc1C#Cc1cnc2cccnn12.Cl,0.9966600838885382,0.99968135,0.9987431,0.99157554,4,1,192,0.93333334,40,True,1,0.18
2,CHEMBL1171837,PONATINIB,Cc1ccc(C(=O)Nc2ccc(CN3CCN(C)CC3)c(C(F)(F)F)c2)cc1C#Cc1cnc2cccnn12,0.9964892835611594,0.99964595,0.99866796,0.99117553,5,2,202,0.9459459,39,True,2,0.36
3,CHEMBL2105737,SONIDEGIB,Cc1c(C(=O)Nc2ccc(N3C[C@@H](C)O[C@@H](C)C3)nc2)cccc1-c1ccc(OC(F)(F)F)cc1,0.99486223140373,0.9997427,0.9935009,0.99136215,3,13,197,0.4722222,35,True,3,0.54
4,CHEMBL3137317,SONIDEGIB PHOSPHATE,Cc1c(C(=O)Nc2ccc(N3C[C@@H](C)O[C@@H](C)C3)nc2)cccc1-c1ccc(OC(F)(F)F)cc1.O=P(O)(O)O.O=P(O)(O)O,0.990385646603474,0.9994636,0.9923543,0.97944325,8,15,330,0.45333335,45,True,4,0.72
5,CHEMBL4297220,ASCIMINIB HYDROCHLORIDE,Cl.O=C(Nc1ccc(OC(F)(F)Cl)cc1)c1cnc(N2CC[C@@H](O)C2)c(-c2cc[nH]n2)c1,0.9861114349424268,0.9999877,0.99316484,0.9655216,1,14,445,0.75,32,True,5,0.9
6,CHEMBL4208229,ASCIMINIB,O=C(Nc1ccc(OC(F)(F)Cl)cc1)c1cnc(N2CC[C@@H](O)C2)c(-c2cc[nH]n2)c1,0.9846627627308554,0.9999857,0.9922092,0.96220034,2,16,464,0.7605634,31,True,6,1.08
9,CHEMBL3545110,RIBOCICLIB,CN(C)C(=O)c1cc2cnc(Nc3ccc(N4CCNCC4)cn3)nc2n1C1CCCC1,0.9672773956116,0.943339,0.98873013,0.9703034,50,25,410,0.42682928,32,True,7,1.26
10,CHEMBL3786343,OLMUTINIB,C=CC(=O)Nc1cccc(Oc2nc(Nc3ccc(N4CCN(C)CC4)cc3)nc3ccsc23)c1,0.9580491800697216,0.9778129,0.96966314,0.927442,35,57,595,0.36263737,35,True,8,1.44
12,CHEMBL3707266,RIBOCICLIB SUCCINATE,CN(C)C(=O)c1cc2cnc(Nc3ccc(N4CCNCC4)cn3)nc2n1C1CCCC1.O=C(O)CCC(=O)O,0.9511770652098605,0.88764,0.9811178,0.98815733,71,36,238,0.39772728,40,True,9,1.62
13,CHEMBL1201733,PAZOPANIB HYDROCHLORIDE,Cc1ccc(Nc2nccc(N(C)c3ccc4c(C)n(C)nc4c3)n2)cc1S(N)(=O)=O.Cl,0.9439513636576272,0.98587763,0.9268876,0.920447,28,104,616,0.6825397,32,True,10,1.8
14,CHEMBL477772,PAZOPANIB,Cc1ccc(Nc2nccc(N(C)c3ccc4c(C)n(C)nc4c3)n2)cc1S(N)(=O)=O,0.9424599360739334,0.985523,0.9253377,0.91795564,29,107,624,0.6935484,31,True,11,1.98
16,CHEMBL1292,CLOFAZIMINE,CC(C)/N=c1\cc2n(-c3ccc(Cl)cc3)c3ccccc3nc-2cc1Nc1ccc(Cl)cc1,0.9312998936543332,0.98115784,0.8357838,0.9849991,31,196,276,0.3275862,33,True,12,2.16
17,CHEMBL502835,NINTEDANIB,COC(=O)c1ccc2c(c1)NC(=O)/C2=C(\Nc1ccc(N(C)C(=O)CN2CCN(C)CC2)cc1)c1ccccc1,0.9243942972385994,0.8280734,0.95404863,0.99984443,105,84,15,0.7941176,40,True,13,2.34
18,CHEMBL4435170,DEUCRAVACITINIB,[2H]C([2H])([2H])NC(=O)c1nnc(NC(=O)C2CC2)cc1Nc1cccc(-c2ncn(C)n2)c1OC,0.922864555758983,0.92058,0.9676443,0.8823413,59,64,728,0.3253012,31,True,14,2.52
19,CHEMBL1946170,REGORAFENIB,CNC(=O)c1cc(Oc2ccc(NC(=O)Nc3ccc(Cl)c(C(F)(F)F)c3)c(F)c2)ccn1,0.9115723832486464,0.78328896,0.9880756,0.9787264,127,27,335,0.57894737,33,True,15,2.7
20,CHEMBL1336,SORAFENIB,CNC(=O)c1cc(Oc2ccc(NC(=O)Nc3ccc(Cl)c(C(F)(F)F)c3)cc2)ccn1,0.9107121608731052,0.79992735,0.97849476,0.96501565,114,40,448,0.6764706,32,True,16,2.88
21,CHEMBL46740,BAZEDOXIFENE,Cc1c(-c2ccc(O)cc2)n(Cc2ccc(OCCN3CCCCCC3)cc2)c2ccc(O)cc12,0.901392917147204,0.7906338,0.9266579,0.99964917,122,105,32,0.3902439,35,True,17,3.06
23,CHEMBL1852688,INFIGRATINIB,CCN1CCN(c2ccc(Nc3cc(N(C)C(=O)Nc4c(Cl)c(OC)cc(OC)c4Cl)ncn3)cc2)CC1,0.900750435825246,0.9949862,0.9449194,0.7773232,15,91,962,0.37209302,38,True,18,3.24
24,CHEMBL4650272,TRILACICLIB DIHYDROCHLORIDE,CN1CCN(c2ccc(Nc3ncc4cc5n(c4n3)C3(CCCCC3)CNC5=O)nc2)CC1.Cl.Cl,0.8989353489279855,0.8513325,0.99831885,0.8547063,89,3,800,0.39285713,35,True,19,3.42
25,CHEMBL187709,TRIPARANOL,CCN(CC)CCOc1ccc(C(O)(Cc2ccc(Cl)cc2)c2ccc(C)cc2)cc1,0.8979701455645058,0.83554333,0.8850909,0.97910404,103,136,332,0.33333334,31,True,20,3.6
26,CHEMBL1289601,LENVATINIB,COc1cc2nccc(Oc3ccc(NC(=O)NC4CC4)c(Cl)c3)c2cc1C(N)=O,0.8951151197965432,0.8584994,0.9002792,0.92793906,84,125,592,0.62666667,30,True,21,3.78
28,CHEMBL3545311,BRIGATINIB,COc1cc(N2CCC(N3CCN(C)CC3)CC2)ccc1Nc1ncc(Cl)c(Nc2ccccc2P(C)(C)=O)n1,0.8932776629892935,0.9388187,0.79977864,0.94930965,51,226,509,0.54651165,40,True,22,3.96
29,CHEMBL3989871,AVACOPAN,Cc1ccc(NC(=O)[C@H]2CCCN(C(=O)c3c(C)cccc3F)[C@H]2c2ccc(NC3CCCC3)cc2)cc1C(F)(F)F,0.8914002579668863,0.82082283,0.8704414,0.99135524,110,154,198,0.3137255,42,True,23,4.14
31,CHEMBL1200485,SORAFENIB TOSYLATE,CNC(=O)c1cc(Oc2ccc(NC(=O)Nc3ccc(Cl)c(C(F)(F)F)c3)cc2)ccn1.Cc1ccc(S(=O)(=O)O)cc1,0.8858495453704675,0.7165177,0.981371,0.9885981,159,35,230,0.5949367,43,True,24,4.32
33,CHEMBL1729,CISAPRIDE,COc1cc(N)c(Cl)cc1C(=O)NC1CCN(CCCOc2ccc(F)cc2)CC1OC,0.8851758727178742,0.79137033,0.99195766,0.8835188,121,18,722,0.30357143,32,True,25,4.5
35,CHEMBL2005186,BELUMOSUDIL,CC(C)NC(=O)COc1cccc(-c2nc(Nc3ccc4[nH]ncc4c3)c3ccccc3n2)c1,0.8759240521885115,0.84447116,0.86908567,0.91569734,100,156,638,0.30120483,34,True,26,4.68
38,CHEMBL2105709,QUIZARTINIB DIHYDROCHLORIDE,CC(C)(C)c1cc(NC(=O)Nc2ccc(-c3cn4c(n3)sc3cc(OCCN5CCOCC5)ccc34)cc2)no1.Cl.Cl,0.8682066160346591,0.7896399,0.88316166,0.9384259,125,138,549,0.6097561,42,True,27,4.86
40,CHEMBL477,ADENOSINE,Nc1ncnc2c1ncn2[C@@H]1O[C@H](CO)[C@@H](O)[C@H]1O,0.867158968318116,0.88027716,0.8443246,0.8773387,76,186,751,0.44871795,19,True,28,5.05
43,CHEMBL1200788,CISAPRIDE MONOHYDRATE,COc1cc(N)c(Cl)cc1C(=O)NC1CCN(CCCOc2ccc(F)cc2)CC1OC.O,0.8624418636815689,0.7579195,0.99014497,0.8548061,146,20,799,0.30088496,33,True,29,5.23
45,CHEMBL3894860,TRILACICLIB,CN1CCN(c2ccc(Nc3ncc4cc5n(c4n3)C3(CCCCC3)CNC5=O)nc2)CC1,0.8553601425146252,0.7582833,0.997598,0.8272942,145,4,860,0.39759037,33,True,30,5.41
49,CHEMBL576982,QUIZARTINIB,CC(C)(C)c1cc(NC(=O)Nc2ccc(-c3cn4c(n3)sc3cc(OCCN5CCOCC5)ccc34)cc2)no1,0.8458771774026809,0.7586665,0.8680382,0.91903526,144,157,622,0.61728394,40,True,31,5.59
52,CHEMBL1090,VIDARABINE,Nc1ncnc2c1ncn2[C@@H]1O[C@H](CO)[C@@H](O)[C@@H]1O,0.8365885320641796,0.8770779,0.7570827,0.8817678,78,284,730,0.44871795,19,True,32,5.77
55,CHEMBL3989973,PEXIDARTINIB HYDROCHLORIDE,Cl.FC(F)(F)c1ccc(CNc2ccc(Cc3c[nH]c4ncc(Cl)cc34)cn2)cn1,0.8338214232354596,0.9468941,0.9721596,0.62976736,48,50,1199,0.7719298,30,True,33,5.95
56,CHEMBL1834657,INFIGRATINIB PHOSPHATE,CCN1CCN(c2ccc(Nc3cc(N(C)C(=O)Nc4c(Cl)c(OC)cc(OC)c4Cl)ncn3)cc2)CC1.O=P(O)(O)O,0.8294712876560915,0.9920959,0.9650918,0.5960488,18,71,1247,0.35555556,43,True,34,6.13
58,CHEMBL4303214,FRUQUINTINIB,CNC(=O)c1c(C)oc2cc(Oc3ncnc4cc(OC)c(OC)cc34)ccc12,0.8215807812872478,0.7487219,0.856388,0.8648877,150,174,776,0.49295774,29,True,35,6.31
61,CHEMBL3813873,PEXIDARTINIB,FC(F)(F)c1ccc(CNc2ccc(Cc3c[nH]c4ncc(Cl)cc34)cn2)cn1,0.8118951810463494,0.93121827,0.9668734,0.5944,53,65,1249,0.78571427,29,True,36,6.49
62,CHEMBL4216467,RIPRETINIB,CCn1c(=O)c(-c2cc(NC(=O)Nc3ccccc3)c(F)cc2Br)cc2cnc(NC)cc21,0.8097085145013848,0.6439738,0.8724501,0.9448814,183,151,523,0.37333333,33,True,37,6.67
64,CHEMBL2105704,LENVATINIB MESYLATE,COc1cc2nccc(Oc3ccc(NC(=O)NC4CC4)c(Cl)c3)c2cc1C(N)=O.CS(=O)(=O)O,0.8051987673587039,0.60769516,0.90930384,0.94474477,196,117,525,0.5949367,35,True,38,6.85
65,CHEMBL4113131,ENSARTINIB,C[C@@H]1CN(C(=O)c2ccc(NC(=O)c3cc(O[C@H](C)c4c(Cl)ccc(F)c4Cl)c(N)nn3)cc2)C[C@H](C)N1,0.8031717891806842,0.7725064,0.8335937,0.8045792,134,199,906,0.33707866,38,True,39,7.03
72,CHEMBL941,IMATINIB,Cc1ccc(NC(=O)c2ccc(CN3CCN(C)CC3)cc2)cc1Nc1nccc(-c2cccnc2)n1,0.7831796102266094,0.6076721,0.91340536,0.8654685,197,113,773,0.8428571,37,True,40,7.21
82,CHEMBL2105756,TIVOZANIB HYDROCHLORIDE,COc1cc2nccc(Oc3ccc(NC(=O)Nc4cc(C)on4)c(Cl)c3)c2cc1OC.Cl.O,0.7550671160186493,0.44861,0.9879132,0.97133476,260,28,404,0.5735294,34,True,41,7.39
84,CHEMBL1657,TAZAROTENE,CCOC(=O)c1ccc(C#Cc2ccc3c(c2)C(C)(C)CCS3)nc1,0.7537194633291824,0.79928166,0.8735408,0.6132621,115,148,1225,0.32857144,25,True,42,7.57
89,CHEMBL3889654,LAROTRECTINIB,O=C(Nc1cnn2ccc(N3CCC[C@@H]3c3cc(F)ccc3F)nc12)N1CC[C@H](O)C1,0.739924904150609,0.7719506,0.7188689,0.73000145,136,335,1053,0.3043478,31,True,43,7.75
92,CHEMBL1201740,NILOTINIB HYDROCHLORIDE MONOHYDRATE,Cc1cn(-c2cc(NC(=O)c3ccc(C)c(Nc4nccc(-c5cccnc5)n4)c3)cc(C(F)(F)F)c2)cn1.Cl.O,0.7283849029928192,0.9988875,0.7839539,0.493487,10,252,1404,0.8051948,41,True,44,7.93
94,CHEMBL2106615,BAZEDOXIFENE ACETATE,CC(=O)O.Cc1c(-c2ccc(O)cc2)n(Cc2ccc(OCCN3CCCCCC3)cc2)c2ccc(O)cc12,0.7265338335141148,0.430791,0.8909394,0.99920076,275,132,49,0.3678161,39,True,45,8.11
96,CHEMBL1983268,ENTRECTINIB,CN1CCN(c2ccc(C(=O)Nc3n[nH]c4ccc(Cc5cc(F)cc(F)c5)cc34)c(NC3CCOCC3)c2)CC1,0.7242080080955051,0.72031134,0.6437908,0.81907743,158,427,881,0.4375,41,True,46,8.29
97,CHEMBL4596392,CRAVACITINIB,CNC(=O)c1nnc(NC(=O)C2CC2)cc1Nc1cccc(-c2ncn(C)n2)c1OC,0.7235277413187492,0.8329021,0.72191703,0.62991846,104,326,1198,0.33802816,31,True,47,8.47
99,CHEMBL1289494,TIVOZANIB,COc1cc2nccc(Oc3ccc(NC(=O)Nc4cc(C)on4)c(Cl)c3)c2cc1OC,0.7221240927859279,0.3917163,0.9877781,0.97320527,311,29,392,0.59090906,32,True,48,8.65
100,CHEMBL317052,REGADENOSON ANHYDROUS,CNC(=O)c1cnn(-c2nc(N)c3ncn([C@@H]4O[C@H](CO)[C@@H](O)[C@H]4O)c3n2)c1,0.721824332866038,0.55328375,0.79830873,0.85148257,219,229,810,0.31683168,28,True,49,8.83
101,CHEMBL231884,DIOSMIN,COc1ccc(-c2cc(=O)c3c(O)cc(O[C@@H]4O[C@H](CO[C@@H]5O[C@@H](C)[C@H](O)[C@@H](O)[C@H]5O)[C@@H](O)[C@H](O)[C@H]4O)cc3o2)cc1O,0.7161871957723933,0.9362157,0.4280449,0.91667295,52,750,634,0.3448276,43,True,50,9.01
104,CHEMBL960,LEFLUNOMIDE,Cc1oncc1C(=O)Nc1ccc(C(F)(F)F)cc1,0.7124594510060546,0.3952674,0.93712336,0.97632116,305,100,363,0.4909091,19,True,51,9.19
105,CHEMBL255863,NILOTINIB,Cc1cn(-c2cc(NC(=O)c3ccc(C)c(Nc4nccc(-c5cccnc5)n4)c3)cc(C(F)(F)F)c2)cn1,0.7097879491929339,0.99887496,0.7593466,0.47144896,11,281,1447,0.82666665,39,True,52,9.37
107,CHEMBL535,SUNITINIB,CCN(CC)CCNC(=O)c1c(C)[nH]c(/C=C2\C(=O)Nc3ccc(F)cc32)c1C,0.7082181856110717,0.42709562,0.8589785,0.96826404,279,170,428,0.8360656,29,True,53,9.55
108,CHEMBL803,CYTARABINE,Nc1ccn([C@@H]2O[C@H](CO)[C@@H](O)[C@@H]2O)c(=O)n1,0.7047257993365913,0.553782,0.70683813,0.8941322,218,353,698,0.33333334,17,True,54,9.73
109,CHEMBL1200334,MORICIZINE HYDROCHLORIDE,CCOC(=O)Nc1ccc2c(c1)N(C(=O)CCN1CCOCC1)c1ccccc1S2.Cl,0.7036731201706681,0.40430164,0.9116169,0.9453552,299,114,519,0.33783785,31,True,55,9.91
110,CHEMBL3989695,REGADENOSON,CNC(=O)c1cnn(-c2nc(N)c3ncn([C@@H]4O[C@H](CO)[C@@H](O)[C@H]4O)c3n2)c1.O,0.7013834651166758,0.53298944,0.7886674,0.82083166,222,245,875,0.3137255,29,True,56,10.09
114,CHEMBL3545367,LEMBOREXANT,Cc1ncc(OC[C@@]2(c3cccc(F)c3)C[C@H]2C(=O)Nc2ccc(F)cn2)c(C)n1,0.6887342187516989,0.8447653,0.9975712,0.38768145,98,5,1589,0.37179488,30,True,57,10.27
115,CHEMBL1075,MORICIZINE,CCOC(=O)Nc1ccc2c(c1)N(C(=O)CCN1CCOCC1)c1ccccc1S2,0.6881884613020495,0.3817956,0.90649474,0.94172907,317,119,536,0.32967034,30,True,58,10.45
121,CHEMBL5416410,DASATINIB,Cc1nc(Nc2ncc(C(=O)Nc3c(C)cccc3Cl)s2)cc(N2CCN(CCO)CC2)n1.O,0.6588240312112787,0.99935466,0.99443215,0.28774878,9,11,1781,0.85915494,34,True,59,10.63
123,CHEMBL1421,DASATINIB ANHYDROUS,Cc1nc(Nc2ncc(C(=O)Nc3c(C)cccc3Cl)s2)cc(N2CCN(CCO)CC2)n1,0.6568643355781403,0.9994727,0.99486935,0.28502968,7,9,1785,0.87142855,33,True,60,10.81
124,CHEMBL4204794,AVAPRITINIB,Cn1cc(-c2cc3c(N4CCN(c5ncc([C@@](C)(N)c6ccc(F)cc6)cn5)CC4)ncnn3c2)cn1,0.656052403306712,0.99072474,0.96622944,0.29497305,20,68,1761,0.5,37,True,61,10.99
126,CHEMBL345524,ANTRAFENINE,O=C(OCCN1CCN(c2cccc(C(F)(F)F)c2)CC1)c1ccccc1Nc1ccnc2cc(C(F)(F)F)ccc12,0.6549474344322689,0.8279972,0.37344328,0.90858555,106,862,661,0.42168674,42,True,62,11.17
127,CHEMBL1567,SUNITINIB MALATE,CCN(CC)CCNC(=O)c1c(C)[nH]c(/C=C2\C(=O)Nc3ccc(F)cc32)c1C.O=C(O)C[C@H](O)C(=O)O,0.6542540460377196,0.33558884,0.84185654,0.9912738,346,189,200,0.7123288,38,True,63,11.35
128,CHEMBL2107831,LUSUTROMBOPAG,CCCCCCO[C@@H](C)c1cccc(-c2csc(NC(=O)c3cc(Cl)c(/C=C(\C)C(=O)O)c(Cl)c3)n2)c1OC,0.651696650589671,0.7576355,0.76321423,0.47866282,147,275,1430,0.30337077,39,True,64,11.53
134,CHEMBL1623,MECLIZINE,Cc1cccc(CN2CCN(C(c3ccccc3)c3ccc(Cl)cc3)CC2)c1,0.6424782115498031,0.4130793,0.644949,0.995443,291,424,120,0.30508474,28,True,65,11.71
146,CHEMBL4297592,AMENAMEVIR,Cc1cccc(C)c1N(CC(=O)Nc1ccc(-c2ncon2)cc1)C(=O)C1CCS(=O)(=O)CC1,0.605397964490191,0.25512943,0.8732215,0.9959508,426,150,110,0.3,34,True,66,11.89
150,CHEMBL3137312,DASABUVIR,COc1c(-c2ccc3cc(NS(C)(=O)=O)ccc3c2)cc(-n2ccc(=O)[nH]c2=O)cc1C(C)(C)C,0.598272570771591,0.8739235,0.5181068,0.47293836,79,615,1443,0.30588236,35,True,67,12.07
156,CHEMBL1483,ALBENDAZOLE,CCCSc1ccc2[nH]c(NC(=O)OC)nc2c1,0.5940960702401777,0.28344572,0.84147495,0.87914187,406,191,743,0.43103448,18,True,68,12.25
157,CHEMBL1086440,TRICLABENDAZOLE,CSc1nc2cc(Cl)c(Oc3cccc(Cl)c3Cl)cc2[nH]1,0.5931563336072821,0.9889387,0.47650623,0.44286317,25,671,1489,0.33333334,21,True,69,12.43
163,CHEMBL3948730,UMBRALISIB,CC(C)Oc1ccc(-c2nn([C@@H](C)c3oc4ccc(F)cc4c(=O)c3-c3cccc(F)c3)c3ncnc(N)c23)cc1F,0.5718091699361166,0.30568644,0.7633867,0.8011846,384,274,913,0.4375,42,True,70,12.61
168,CHEMBL2103883,AVATROMBOPAG,O=C(Nc1nc(-c2cc(Cl)cs2)c(N2CCN(C3CCCCC3)CC2)s1)c1cnc(N2CCC(C(=O)O)CC2)c(Cl)c1,0.5631725925788672,0.5844033,0.39313185,0.7774521,207,825,961,0.3,42,True,71,12.79
170,CHEMBL3186993,HYDROXYZINE HYDROCHLORIDE,Cl.Cl.OCCOCCN1CCN(C(c2ccccc2)c2ccc(Cl)cc2)CC1,0.556677397538569,0.2823077,0.61594427,0.9920798,410,468,182,0.3116883,28,True,72,12.97
172,CHEMBL3989868,TUCATINIB,Cc1cc(Nc2ncnc3ccc(NC4=NC(C)(C)CO4)cc23)ccc1Oc1ccn2ncnc2c1,0.5478795697415081,0.84471416,0.86590457,0.22484101,99,164,1915,0.37894738,36,True,73,13.15
186,CHEMBL2219411,MOMELOTINIB DIHYDROCHLORIDE,Cl.Cl.N#CCNC(=O)c1ccc(-c2ccnc(Nc3ccc(N4CCOCC4)cc3)n2)cc1,0.5166725854744517,0.4155574,0.6382162,0.52005273,288,438,1364,0.5555556,33,True,74,13.33
192,CHEMBL3353410,OSIMERTINIB,C=CC(=O)Nc1cc(Nc2nccc(-c3cn(C)c4ccccc34)n2)c(OC)cc1N(C)CCN(C)C,0.508471479275214,0.67450094,0.21596228,0.90248364,173,1315,678,0.37755102,37,True,75,13.51
194,CHEMBL6068336,MOMELOTINIB DIHYDROCHLORIDE MONOHYDRATE,Cl.Cl.N#CCNC(=O)c1ccc(-c2ccnc(Nc3ccc(N4CCOCC4)cc3)n2)cc1.O,0.5083893986820462,0.40836105,0.6330519,0.5082833,295,443,1377,0.5555556,34,True,76,13.69
201,CHEMBL1801800,METABROMSALAN,O=C(Nc1ccccc1)c1cc(Br)cc(Br)c1O,0.4997693043885778,0.9802085,0.51244956,0.24850729,32,620,1855,0.3469388,18,True,77,13.87
202,CHEMBL896,HYDROXYZINE,OCCOCCN1CCN(C(c2ccccc2)c2ccc(Cl)cc2)CC1,0.4996341725309964,0.21708801,0.5786337,0.9929259,465,522,168,0.31578946,26,True,78,14.05
207,CHEMBL3990047,OZENOXACIN,CNc1ncc(-c2ccc3c(=O)c(C(=O)O)cn(C4CC4)c3c2C)cc1C,0.4902254167805288,0.62042207,0.2879478,0.65945697,193,1091,1155,0.3125,27,True,79,14.23
218,CHEMBL1755,CONIVAPTAN,Cc1nc2c([nH]1)-c1ccccc1N(C(=O)c1ccc(NC(=O)c3ccccc3-c3ccccc3)cc1)CC2,0.4799250867465055,0.2750778,0.4671336,0.8602481,413,692,786,0.3026316,38,True,80,14.41
220,CHEMBL291338,"3,3',4',5-TETRACHLOROSALICYLANILIDE",O=C(Nc1ccc(Cl)c(Cl)c1)c1cc(Cl)cc(Cl)c1O,0.4787007914991974,0.99027073,0.7793472,0.14213713,21,262,2168,0.3090909,20,True,81,14.59
221,CHEMBL1464,WARFARIN,CC(=O)CC(c1ccccc1)c1c(O)c2ccccc2oc1=O,0.4783477357420643,0.5644483,0.25643396,0.7561909,214,1183,1009,0.33333334,23,True,82,14.77
225,CHEMBL4650319,MOBOCERTINIB,C=CC(=O)Nc1cc(Nc2ncc(C(=O)OC(C)C)c(-c3cn(C)c4ccccc34)n2)c(OC)cc1N(C)CCN(C)C,0.4746625479278354,0.42424396,0.2587083,0.97438115,283,1177,380,0.3063063,43,True,83,14.95
236,CHEMBL1078178,MOMELOTINIB,N#CCNC(=O)c1ccc(-c2ccnc(Nc3ccc(N4CCOCC4)cc3)n2)cc1,0.4666763727671396,0.35932875,0.5884642,0.4806572,330,504,1426,0.5633803,31,True,84,15.14
237,CHEMBL3545185,SELINEXOR,O=C(/C=C\n1cnc(-c2cc(C(F)(F)F)cc(C(F)(F)F)c2)n1)NNc1cnccn1,0.4643455647850677,0.62953913,0.43449387,0.36603072,189,740,1623,0.30769232,31,True,85,15.32
239,CHEMBL580,LORAZEPAM,O=C1Nc2ccc(Cl)cc2C(c2ccccc2Cl)=NC1O,0.4636278748159024,0.4069129,0.47652277,0.51395315,296,670,1373,0.3392857,21,True,86,15.5
245,CHEMBL429910,DAPAGLIFLOZIN,CCOc1ccc(Cc2cc([C@@H]3O[C@H](CO)[C@@H](O)[C@H](O)[C@H]3O)ccc2Cl)cc1,0.4566066684510148,0.40214866,0.24111181,0.98179686,301,1225,305,0.3068182,28,True,87,15.68
248,CHEMBL492,ETIDOCAINE,CCCN(CC)C(CC)C(=O)Nc1c(C)cccc1C,0.4551873239594218,0.83631325,0.21327268,0.5287694,102,1328,1350,0.3,20,True,88,15.86
249,CHEMBL1723,ALFUZOSIN HYDROCHLORIDE,COc1cc2nc(N(C)CCCNC(=O)C3CCCO3)nc(N)c2cc1OC.Cl,0.4528265344661688,0.45572895,0.7441978,0.2737793,254,303,1813,0.3218391,29,True,89,16.04
251,CHEMBL79,LIDOCAINE,CCN(CC)CC(=O)Nc1c(C)cccc1C,0.4503716615068254,0.12399721,0.76171803,0.9671794,601,276,434,0.39215687,17,True,90,16.22
252,CHEMBL3545068,COPANLISIB HYDROCHLORIDE,COc1c(OCCCN2CCOCC2)ccc2c1N=C(NC(=O)c1cnc(N)nc1)N1CCN=C21.Cl.Cl,0.4499058082541409,0.73388875,0.96534234,0.1285444,154,70,2223,0.3592233,37,True,91,16.4
256,CHEMBL3989724,FLURAZEPAM HYDROCHLORIDE,CCN(CC)CCN1C(=O)CN=C(c2ccccc2F)c2cc(Cl)ccc21.Cl.Cl,0.4442048140240213,0.2149542,0.47538027,0.8577539,470,674,791,0.32142857,29,True,92,16.58
258,CHEMBL24944,TRIBROMSALAN,O=C(Nc1ccc(Br)cc1)c1cc(Br)cc(Br)c1O,0.4428984228524074,0.97358465,0.35881782,0.24869363,38,905,1854,0.30645162,19,True,93,16.76
259,CHEMBL1200406,DIMENHYDRINATE,CN(C)CCOC(c1ccccc1)c1ccccc1.Cn1c(=O)c2[nH]c(Cl)nc2n(C)c1=O,0.4408108832942612,0.57978463,0.70574665,0.20933479,209,354,1958,0.30487806,33,True,94,16.94
266,CHEMBL709,ALFUZOSIN,COc1cc2nc(N(C)CCCNC(=O)C3CCCO3)nc(N)c2cc1OC,0.4357871060125499,0.427433,0.7217173,0.2682798,278,328,1817,0.3255814,28,True,95,17.12
269,CHEMBL1200409,LIDOCAINE HYDROCHLORIDE,CCN(CC)CC(=O)Nc1c(C)cccc1C.Cl.O,0.432197933241478,0.111099906,0.75298005,0.9650524,647,289,447,0.3773585,19,True,96,17.3
271,CHEMBL3218576,COPANLISIB,COc1c(OCCCN2CCOCC2)ccc2c1N=C(NC(=O)c1cnc(N)nc1)N1CCN=C21,0.4306541479675749,0.6851558,0.95796794,0.121687405,167,80,2255,0.3627451,35,True,97,17.48
277,CHEMBL86,METOCLOPRAMIDE,CCN(CC)CCNC(=O)c1cc(Cl)c(N)cc1OC,0.4229775556134182,0.32742143,0.8754758,0.26399803,361,143,1830,0.3243243,20,True,98,17.66
286,CHEMBL1963681,AVANAFIL,COc1ccc(CNc2nc(N3CCC[C@H]3CO)ncc2C(=O)NCc2ncccn2)cc1Cl,0.4171766526461206,0.29875806,0.7910594,0.3072071,390,242,1740,0.34313726,34,True,99,17.84
287,CHEMBL968,FLURAZEPAM,CCN(CC)CCN1C(=O)CN=C(c2ccccc2F)c2cc(Cl)ccc21,0.4169293105483807,0.19191557,0.445363,0.84793574,496,722,819,0.3253012,27,True,100,18.02
291,CHEMBL42,CLOZAPINE,CN1CCN(C2=Nc3cc(Cl)ccc3Nc3ccccc32)CC1,0.4118032203439002,0.39187956,0.17918886,0.9945018,310,1458,138,0.3188406,23,True,101,18.2
293,CHEMBL601719,CRIZOTINIB,C[C@@H](Oc1cc(-c2cnn(C3CCNCC3)c2)cnc1N)c1c(Cl)ccc(F)c1Cl,0.4101982222503306,0.9986727,0.34120527,0.20255473,13,950,1975,0.36144578,30,True,102,18.38
295,CHEMBL4582651,PRALSETINIB,CO[C@]1(C(=O)N[C@@H](C)c2ccc(-n3cc(F)cn3)nc2)CC[C@H](c2nc(C)cc(Nc3cc(C)[nH]n3)n2)CC1,0.408765023259528,0.12129813,0.6140576,0.9169761,606,469,631,0.3106796,39,True,103,18.56
306,CHEMBL189963,PALBOCICLIB,CC(=O)c1c(C)c2cnc(Nc3ccc(N4CCNCC4)cn3)nc2n(C2CCCC2)c1=O,0.3940427057395972,0.07000381,0.89987504,0.9712388,850,126,405,0.4,33,True,104,18.74
307,CHEMBL231068,FLIBANSERIN,O=c1[nH]c2ccccc2n1CCN1CCN(c2cccc(C(F)(F)F)c2)CC1,0.39398417101231,0.46324933,0.1607572,0.82120407,251,1536,873,0.38356164,28,True,105,18.92
312,CHEMBL1200772,WARFARIN POTASSIUM,CC(=O)CC(c1ccccc1)c1c([O-])c2ccccc2oc1=O.[K+],0.3916239968793888,0.4904504,0.304957,0.40158194,241,1049,1562,0.31666666,24,True,106,19.1
314,CHEMBL593,DELAVIRDINE,CC(C)Nc1cccnc1N1CCN(C(=O)c2cc3cc(NS(C)(=O)=O)ccc3[nH]2)CC1,0.3891713824872651,0.23757312,0.47565642,0.52159333,450,673,1362,0.34042552,32,True,107,19.28
326,CHEMBL1200879,WARFARIN SODIUM,CC(=O)CC(c1ccccc1)c1c([O-])c2ccccc2oc1=O.[Na+],0.3784916101955634,0.48852247,0.28546697,0.3888019,243,1102,1585,0.31666666,24,True,108,19.46
328,CHEMBL9225,HEXESTROL,CC[C@H](c1ccc(O)cc1)[C@@H](CC)c1ccc(O)cc1,0.3749639760176939,0.30601552,0.4123344,0.4178069,383,791,1536,0.33333334,20,True,109,19.64
331,CHEMBL929,DELAVIRDINE MESYLATE,CC(C)Nc1cccnc1N1CCN(C(=O)c2cc3cc(NS(C)(=O)=O)ccc3[nH]2)CC1.CS(=O)(=O)O,0.3736207558227749,0.21699207,0.4781005,0.50272435,466,667,1386,0.33684212,37,True,110,19.82
334,CHEMBL21333,PRANLUKAST,O=C(Nc1cccc2c(=O)cc(-c3nnn[nH]3)oc12)c1ccc(OCCCCc2ccccc2)cc1,0.3727652524094895,0.11301371,0.52122486,0.87932616,637,608,742,0.34444445,36,True,111,20.0
336,CHEMBL1200396,BUPIVACAINE HYDROCHLORIDE,CCCCN1CCCCC1C(=O)Nc1c(C)cccc1C.Cl,0.3722260340541742,0.485662,0.29911056,0.35502124,245,1058,1639,0.3125,22,True,112,20.18
339,CHEMBL2396661,ALPELISIB,Cc1nc(NC(=O)N2CCC[C@H]2C(N)=O)sc1-c1ccnc(C(C)(C)C(F)(F)F)c1,0.36997606657276,0.7829948,0.10682123,0.6054864,128,1781,1235,0.3253012,30,True,113,20.36
341,CHEMBL3039520,LASMIDITAN,CN1CCC(C(=O)c2cccc(NC(=O)c3c(F)cc(F)cc3F)n2)CC1,0.368589229082873,0.41895664,0.62174386,0.1922416,286,464,2005,0.3802817,27,True,114,20.54
346,CHEMBL452,CLONAZEPAM,O=C1CN=C(c2ccccc2Cl)c2cc([N+](=O)[O-])ccc2N1,0.3616694030708872,0.49262062,0.50775105,0.189135,239,625,2015,0.38333333,22,True,115,20.72
347,CHEMBL1200749,LEVOBUPIVACAINE HYDROCHLORIDE,CCCCN1CCCC[C@H]1C(=O)Nc1c(C)cccc1C.Cl,0.3608937752114171,0.6044426,0.20819612,0.3735171,198,1352,1614,0.3125,22,True,116,20.9
348,CHEMBL230158,SELADELPAR,CCO[C@H](COc1ccc(C(F)(F)F)cc1)CSc1ccc(OCC(=O)O)c(C)c1,0.3606879060877417,0.081400484,0.7203079,0.800294,784,332,914,0.32911393,30,True,117,21.08
350,CHEMBL568,OXAZEPAM,O=C1Nc2ccc(Cl)cc2C(c2ccccc2)=NC1O,0.3582508635000824,0.29492062,0.45560548,0.3421903,396,708,1665,0.34545454,20,True,118,21.26
361,CHEMBL685,MEBENDAZOLE,COC(=O)Nc1nc2cc(C(=O)c3ccccc3)ccc2[nH]1,0.3511349467334896,0.11754527,0.59511155,0.61889744,615,501,1220,0.5471698,22,True,119,21.44
365,CHEMBL2105717,CABOZANTINIB,COc1cc2nccc(Oc3ccc(NC(=O)C4(C(=O)Nc5ccc(F)cc5)CC4)cc3)c2cc1OC,0.3493253745815086,0.32924646,0.9636195,0.13435805,359,72,2201,0.6184211,37,True,120,21.62
368,CHEMBL3545376,ERDAFITINIB,COc1cc(OC)cc(N(CCNC(C)C)c2ccc3ncc(-c4cnn(C)c4)nc3c2)c1,0.3483882636777101,0.26961213,0.15719852,0.9977062,415,1548,82,0.31764707,33,True,121,21.8
371,CHEMBL1200940,METOCLOPRAMIDE HYDROCHLORIDE,CCN(CC)CCNC(=O)c1cc(Cl)c(N)cc1OC.Cl.O,0.3464769199934857,0.33281916,0.86674505,0.14418603,352,160,2159,0.31578946,22,True,122,21.98
377,CHEMBL1098,BUPIVACAINE,CCCCN1CCCCC1C(=O)Nc1c(C)cccc1C,0.3443855487494602,0.47169203,0.20147412,0.42979068,249,1377,1522,0.31746033,21,True,123,22.16
381,CHEMBL3545063,OSIMERTINIB MESYLATE,C=CC(=O)Nc1cc(Nc2nccc(-c3cn(C)c4ccccc34)n2)c(OC)cc1N(C)CCN(C)C.CS(=O)(=O)O,0.3430260007078594,0.45196763,0.16128685,0.55370045,258,1531,1320,0.3627451,42,True,124,22.34
389,CHEMBL146095,GLAFENINE,O=C(OCC(O)CO)c1ccccc1Nc1ccnc2cc(Cl)ccc12,0.3368385129263147,0.24779895,0.33118033,0.46569464,433,985,1458,0.33333334,26,True,125,22.52
395,CHEMBL277062,BROMAZEPAM,O=C1CN=C(c2ccccn2)c2cc(Br)ccc2N1,0.3326095529637081,0.75979364,0.06301122,0.7685827,143,2068,985,0.32307693,19,True,126,22.7
398,CHEMBL4297534,GLASDEGIB MALEATE,CN1CC[C@@H](NC(=O)Nc2ccc(C#N)cc2)C[C@@H]1c1nc2ccccc2[nH]1.O=C(O)/C=C\C(=O)O,0.3313996589809819,0.08859139,0.41867694,0.9812634,743,771,313,0.3125,36,True,127,22.88
400,CHEMBL15023,TRIFLUPERIDOL,O=C(CCCN1CCC(O)(c2cccc(C(F)(F)F)c2)CC1)c1ccc(F)cc1,0.3310471244132897,0.12864566,0.33689845,0.8370961,591,966,837,0.31428573,29,True,128,23.06
404,CHEMBL1289926,AXITINIB,CNC(=O)c1ccccc1Sc1ccc2c(/C=C/c3ccccn3)n[nH]c2c1,0.3254482362410668,0.5311818,0.3406731,0.19048674,223,952,2009,0.32307693,28,True,129,23.24
408,CHEMBL1201193,LEVOBUPIVACAINE,CCCCN1CCCC[C@H]1C(=O)Nc1c(C)cccc1C,0.3229537026467217,0.57434505,0.13474345,0.43525144,210,1647,1504,0.31746033,21,True,130,23.42
409,CHEMBL1257040,TRIFLUOPERAZINE HYDROCHLORIDE,CN1CCN(CCCN2c3ccccc3Sc3ccc(C(F)(F)F)cc32)CC1.Cl.Cl,0.3227553869181579,0.20197095,0.16836315,0.9887455,482,1506,228,0.30337077,30,True,131,23.6
413,CHEMBL1401,NITAZOXANIDE,CC(=O)Oc1ccccc1C(=O)Nc1ncc([N+](=O)[O-])s1,0.320773890565112,0.35738778,0.85384125,0.10816338,331,176,2304,0.34285715,21,True,132,23.78
419,CHEMBL1364551,MINAPRINE HYDROCHLORIDE,Cc1cc(-c2ccccc2)nnc1NCCN1CCOCC1.Cl.Cl,0.3179270183984956,0.08739172,0.42441782,0.8664,753,758,772,0.33333334,24,True,133,23.96
420,CHEMBL512351,BETRIXABAN,COc1ccc(NC(=O)c2ccc(C(=N)N(C)C)cc2)c(C(=O)Nc2ccc(Cl)cn2)c1,0.3173720746150185,0.05030575,0.82651395,0.7688442,977,205,984,0.37333333,32,True,134,24.14
422,CHEMBL1487,ATORVASTATIN,CC(C)c1c(C(=O)Nc2ccccc2)c(-c2ccccc2)c(-c2ccc(F)cc2)n1CC[C@@H](O)C[C@@H](O)CC(=O)O,0.3161949921327935,0.08438649,0.38608578,0.9703049,767,840,409,0.30337077,41,True,135,24.32
442,CHEMBL1200612,DIBUCAINE HYDROCHLORIDE,CCCCOc1cc(C(=O)NCCN(CC)CC)c2ccccc2n1.Cl,0.3042098623706166,0.21906489,0.1672306,0.76847786,463,1510,986,0.34117648,26,True,136,24.5
443,CHEMBL21869,DIBROMSALAN,O=C(Nc1ccc(Br)cc1)c1cc(Br)ccc1O,0.3037290140257001,0.92221504,0.50132245,0.06060515,57,634,2516,0.34042552,18,True,137,24.68
449,CHEMBL2103870,LUMACAFTOR,Cc1ccc(NC(=O)C2(c3ccc4c(c3)OC(F)(F)O4)CC2)nc1-c1cccc(C(=O)O)c1,0.2988981438029036,0.07546457,0.90200114,0.392301,821,123,1577,0.3,33,True,138,24.86
459,CHEMBL1086,DIBUCAINE,CCCCOc1cc(C(=O)NCCN(CC)CC)c2ccccc2n1,0.295629192597332,0.21080697,0.15582445,0.78654104,473,1558,944,0.3452381,25,True,139,25.05
464,CHEMBL2095212,MIRABEGRON,Nc1nc(CC(=O)Nc2ccc(CCNC[C@H](O)c3ccccc3)cc2)cs1,0.2922013226835344,0.034827664,0.87210774,0.8213949,1103,152,872,0.32051283,28,True,140,25.23
468,CHEMBL32800,FENOTEROL,CC(Cc1ccc(O)cc1)NCC(O)c1cc(O)cc(O)c1,0.2903780548010278,0.04405388,0.6077119,0.91455424,1024,478,641,0.3243243,22,True,141,25.41
470,CHEMBL206253,NETUPITANT,Cc1ccccc1-c1cc(N2CCN(C)CC2)ncc1N(C)C(=O)C(C)(C)c1cc(C(F)(F)F)cc(C(F)(F)F)c1,0.2901113785114743,0.11624817,0.27134433,0.7740829,624,1137,972,0.3068182,41,True,142,25.59
471,CHEMBL4066936,VERICIGUAT,COC(=O)Nc1c(N)nc(-c2nn(Cc3ccccc3F)c3ncc(F)cc23)nc1N,0.2897939216076574,0.60862917,0.4410472,0.09066297,195,731,2378,0.30337077,31,True,143,25.77
476,CHEMBL3701238,FUTIBATINIB,C=CC(=O)N1CC[C@H](n2nc(C#Cc3cc(OC)cc(OC)c3)c3c(N)ncnc32)C1,0.287639591740631,0.12441387,0.7211949,0.26523113,599,329,1826,0.4054054,31,True,144,25.95
480,CHEMBL2043437,GLASDEGIB,CN1CC[C@@H](NC(=O)Nc2ccc(C#N)cc2)C[C@@H]1c1nc2ccccc2[nH]1,0.2857515554497163,0.10864044,0.21498947,0.9989807,659,1321,58,0.33783785,28,True,145,26.13
485,CHEMBL400599,BENFLUOREX,CC(Cc1cccc(C(F)(F)F)c1)NCCOC(=O)c1ccccc1,0.2827967847617901,0.24539737,0.19244604,0.47889963,436,1416,1429,0.32394367,25,True,146,26.31
491,CHEMBL1200776,CINACALCET HYDROCHLORIDE,C[C@@H](NCCCc1cccc(C(F)(F)F)c1)c1cccc2ccccc12.Cl,0.2814669263393294,0.38101104,0.17696352,0.33072028,318,1473,1689,0.30985916,27,True,147,26.49
506,CHEMBL3707348,ACALABRUTINIB,CC#CC(=O)N1CCC[C@H]1c1nc(-c2ccc(C(=O)Nc3ccccn3)cc2)c2c(N)nccn12,0.2698468183961023,0.14664392,0.669034,0.20028096,558,399,1986,0.36956522,35,True,148,26.67
514,CHEMBL2403238,CABOTEGRAVIR,C[C@H]1CO[C@@H]2Cn3cc(C(=O)NCc4ccc(F)cc4F)c(=O)c(O)c3C(=O)N12,0.2670882888573347,0.04406161,0.7290606,0.59311724,1023,318,1252,0.33333334,29,True,149,26.85
531,CHEMBL1229211,DOLUTEGRAVIR,C[C@@H]1CCO[C@H]2Cn3cc(C(=O)NCc4ccc(F)cc4F)c(=O)c(O)c3C(=O)N12,0.2569403108546474,0.04258071,0.71117884,0.56015086,1042,346,1308,0.34065935,30,True,150,27.03
532,CHEMBL328190,LASOFOXIFENE,Oc1ccc2c(c1)CC[C@H](c1ccccc1)[C@@H]2c1ccc(OCCN2CCCC2)cc1,0.2569192889117228,0.047861673,0.3613625,0.98052615,994,900,321,0.3580247,31,True,151,27.21
535,CHEMBL2336071,SIPONIMOD,CCc1cc(/C(C)=N/OCc2ccc(C3CCCCC3)c(C(F)(F)F)c2)ccc1CN1CC(C(=O)O)C1,0.25599162783662,0.047816742,0.40913248,0.8574985,995,798,793,0.32911393,37,True,152,27.39
536,CHEMBL2106638,LOFEPRAMINE HYDROCHLORIDE,CN(CCCN1c2ccccc2CCc2ccccc21)CC(=O)c1ccc(Cl)cc1.Cl,0.2554533010978496,0.051852793,0.3368646,0.9543486,967,967,490,0.3015873,31,True,153,27.57
540,CHEMBL1017,TELMISARTAN,CCCc1nc2c(C)cc(-c3nc4ccccc4n3C)cc2n1Cc1ccc(-c2ccccc2C(=O)O)cc1,0.2536112867983978,0.96662223,0.018501865,0.912081,42,2604,647,0.3108108,39,True,154,27.75
542,CHEMBL420762,MOZAVAPTAN,Cc1ccccc1C(=O)Nc1ccc(C(=O)N2CCCC(N(C)C)c3ccccc32)cc1,0.2529934713514468,0.118250564,0.49923822,0.27429435,611,637,1810,0.30851063,32,True,155,27.93
543,CHEMBL1201284,CINACALCET,C[C@@H](NCCCc1cccc(C(F)(F)F)c1)c1cccc2ccccc12,0.2527967793599958,0.36228195,0.14465961,0.30826244,326,1611,1737,0.31428573,26,True,156,28.11
555,CHEMBL1200397,BUTENAFINE HYDROCHLORIDE,CN(Cc1ccc(C(C)(C)C)cc1)Cc1cccc2ccccc12.Cl,0.2479135487981968,0.100827605,0.15254669,0.990646,685,1581,206,0.31034482,25,True,157,28.29
559,CHEMBL990,BUTENAFINE,CN(Cc1ccc(C(C)(C)C)cc1)Cc1cccc2ccccc12,0.245855933991019,0.11111189,0.13488925,0.9915263,646,1645,193,0.31578946,24,True,158,28.47
567,CHEMBL278819,MINAPRINE,Cc1cc(-c2ccccc2)nnc1NCCN1CCOCC1,0.2445740168699275,0.052786455,0.32205454,0.86055577,959,1005,785,0.33783785,22,True,159,28.65
569,CHEMBL422,TRIFLUOPERAZINE,CN1CCN(CCCN2c3ccccc3Sc3ccc(C(F)(F)F)cc32)CC1,0.2439075120120851,0.1338603,0.109649904,0.9885881,580,1771,231,0.3068182,28,True,160,28.83
575,CHEMBL1201112,NELARABINE,COc1nc(N)nc2c1ncn2[C@@H]1O[C@H](CO)[C@@H](O)[C@@H]1O,0.2423423852370817,0.7714783,0.20393267,0.09046437,137,1365,2380,0.3263158,21,True,161,29.01
576,CHEMBL1769,PROPOXYCAINE HYDROCHLORIDE,CCCOc1cc(N)ccc1C(=O)OCCN(CC)CC.Cl,0.2419903750564987,0.033795156,0.5532515,0.7579093,1113,564,1005,0.30769232,22,True,162,29.19
578,CHEMBL3137330,CABOTEGRAVIR SODIUM,C[C@H]1CO[C@@H]2Cn3cc(C(=O)NCc4ccc(F)cc4F)c(=O)c([O-])c3C(=O)N12.[Na+],0.2405445548619162,0.03921426,0.7590559,0.4675938,1068,282,1454,0.32608697,30,True,163,29.37
589,CHEMBL4594293,ACALABRUTINIB MALEATE,CC#CC(=O)N1CCC[C@H]1c1nc(-c2ccc(C(=O)Nc3ccccn3)cc2)c2c(N)nccn12.O=C(O)/C=C\C(=O)O,0.2360306628417588,0.11745103,0.56329703,0.19875178,616,546,1989,0.3469388,43,True,164,29.55
594,CHEMBL1091250,INDIGOTINDISULFONATE,O=C1/C(=C2\Nc3ccc(S(=O)(=O)O)cc3C2=O)Nc2ccc(S(=O)(=O)O)cc21,0.233384606320416,0.11518001,0.19349998,0.5703726,629,1410,1291,0.30357143,28,True,165,29.73
595,CHEMBL2103830,FOSTAMATINIB,COc1cc(Nc2ncc(F)c(Nc3ccc4c(n3)N(COP(=O)(O)O)C(=O)C(C)(C)O4)n2)cc(OC)c1OC,0.2328386601420829,0.08615655,0.7737723,0.18934935,757,269,2014,0.30927834,40,True,166,29.91
596,CHEMBL313972,MASOPROCOL,C[C@H](Cc1ccc(O)c(O)c1)[C@@H](C)Cc1ccc(O)c(O)c1,0.2326935456621567,0.02836636,0.6849571,0.6484642,1166,380,1168,0.4722222,22,True,167,30.09
602,CHEMBL1213165,DOLUTEGRAVIR SODIUM,C[C@@H]1CCO[C@H]2Cn3cc(C(=O)NCc4ccc(F)cc4F)c(=O)c([O-])c3C(=O)N12.[Na+],0.2295330370248643,0.03758605,0.7470594,0.43067914,1082,299,1519,0.33333334,31,True,168,30.27
608,CHEMBL4558324,LAZERTINIB,C=CC(=O)Nc1cc(Nc2nccc(-n3cc(CN(C)C)c(-c4ccccc4)n3)n2)c(OC)cc1N1CCOCC1,0.2276195137532478,0.21269725,0.05876367,0.94353414,471,2100,529,0.3482143,41,True,169,30.45
610,CHEMBL24828,VANDETANIB,COc1cc2/c(=N/c3ccc(Br)cc3F)nc[nH]c2cc1OCC1CCN(C)CC1,0.2273999927493561,0.32187495,0.25824022,0.14146866,365,1178,2172,0.3908046,30,True,170,30.63
634,CHEMBL1697760,MUZOLIMINE,CC(c1ccc(Cl)c(Cl)c1)N1N=C(N)CC1=O,0.2181995918744109,0.7620551,0.02383728,0.5718982,141,2507,1288,0.33333334,17,True,171,30.81
638,CHEMBL1200370,BENZOYL PEROXIDE,O=C(OOC(=O)c1ccccc1)c1ccccc1,0.2165594529506865,0.047172926,0.8678554,0.24807969,999,158,1858,0.34146342,18,True,172,30.99
644,CHEMBL1195,PROPOXYCAINE,CCCOc1cc(N)ccc1C(=O)OCCN(CC)CC,0.2148953201384818,0.02499347,0.5319145,0.74647033,1207,592,1024,0.3116883,21,True,173,31.17
648,CHEMBL4559134,SELPERCATINIB,COc1ccc(CN2C3CC2CN(c2ccc(-c4cc(OCC(C)(C)O)cn5ncc(C#N)c45)cn2)C3)cn1,0.214105012034495,0.10951534,0.5527229,0.16214298,653,565,2092,0.3137255,39,True,174,31.35
650,CHEMBL926,DOBUTAMINE,CC(CCc1ccc(O)cc1)NCCc1ccc(O)c(O)c1,0.2138817719169299,0.020407453,0.76437545,0.62722844,1280,271,1207,0.3,22,True,175,31.53
653,CHEMBL4650226,ACORAMIDIS HYDROCHLORIDE,Cc1n[nH]c(C)c1CCCOc1cc(C(=O)O)ccc1F.Cl,0.2121781115166495,0.30861825,0.15677655,0.1974236,377,1549,1993,0.30666667,22,True,176,31.71
671,CHEMBL3940890,ACORAMIDIS,Cc1n[nH]c(C)c1CCCOc1cc(C(=O)O)ccc1F,0.2086938565976032,0.2997943,0.15515259,0.19540992,389,1563,1999,0.3108108,21,True,177,31.89
690,CHEMBL407,FLUMAZENIL,CCOC(=O)c1ncn2c1CN(C)C(=O)c1cc(F)ccc1-2,0.200566064131857,0.09058956,0.45292506,0.1966382,732,711,1997,0.33846155,22,True,178,32.07
696,CHEMBL2105023,INDIGOTINDISULFONATE SODIUM,O=C1/C(=C2\Nc3ccc(S(=O)(=O)[O-])cc3C2=O)Nc2ccc(S(=O)(=O)[O-])cc21.[Na+].[Na+],0.1996347051550807,0.09852152,0.16095544,0.5017315,702,1533,1387,0.30357143,30,True,179,32.25
701,CHEMBL1179047,CHLOROPROCAINE,CCN(CC)CCOC(=O)c1ccc(N)cc1Cl,0.1983434933943539,0.28289154,0.4915994,0.05610771,408,647,2541,0.32352942,18,True,180,32.43
704,CHEMBL657,DIPHENHYDRAMINE,CN(C)CCOC(c1ccccc1)c1ccccc1,0.196637355710306,0.06646051,0.12262572,0.9329381,873,1707,571,0.3,19,True,181,32.61
706,CHEMBL180022,NERATINIB,CCOc1cc2ncc(C#N)c(Nc3ccc(OCc4ccccn4)c(Cl)c3)c2cc1NC(=O)/C=C/CN(C)C,0.1963696792298404,0.7834238,0.2986294,0.03236637,126,1060,2663,0.75,40,True,182,32.79
709,CHEMBL1642,IMATINIB MESYLATE,CS(=O)(=O)O.Cc1ccc(NC(=O)c2ccc(CN3CCN(C)CC3)cc2)cc1Nc1nccc(-c2cccnc2)n1,0.1952821222553764,0.032482885,0.79464644,0.2885087,1128,236,1779,0.7972973,42,True,183,32.97
719,CHEMBL944,CHLOROPROCAINE HYDROCHLORIDE,CCN(CC)CCOC(=O)c1ccc(N)cc1Cl.Cl,0.1930090806596866,0.28275833,0.49092022,0.05179727,409,648,2563,0.3188406,19,True,184,33.15
722,CHEMBL1620,DIPHENHYDRAMINE HYDROCHLORIDE,CN(C)CCOC(c1ccccc1)c1ccccc1.Cl,0.1921621119534379,0.05679058,0.13811803,0.90464175,931,1638,671,0.31914893,20,True,185,33.33
723,CHEMBL193240,ROFLUMILAST,O=C(Nc1c(Cl)cncc1Cl)c1ccc(OC(F)F)c(OCC2CC2)c1,0.1919490052067079,0.7598015,0.24775715,0.037569143,142,1208,2629,0.32941177,26,True,186,33.51
730,CHEMBL1655,TOREMIFENE,CN(C)CCOc1ccc(/C(=C(/CCCl)c2ccccc2)c2ccccc2)cc1,0.1894958205211384,0.0093691,0.7323286,0.99173355,1556,316,189,0.42307693,29,True,187,33.69
733,CHEMBL1021,NEPAFENAC,NC(=O)Cc1cccc(C(=O)c2ccccc2)c1N,0.1891718566945112,0.15937696,0.3018735,0.14070807,531,1051,2177,0.30612245,19,True,188,33.87
734,CHEMBL13376,CLOMETACIN,COc1ccc2c(C(=O)c3ccc(Cl)cc3)c(C)n(CC(=O)O)c2c1,0.1887451580109322,0.087304875,0.38217673,0.20152305,754,848,1978,0.32786885,25,True,189,34.05
740,CHEMBL1213251,CLOBENZOREX,CC(Cc1ccccc1)NCc1ccccc1Cl,0.1850592691177089,0.04665036,0.16927415,0.8025774,1008,1503,909,0.32258064,18,True,190,34.23
742,CHEMBL15770,SULINDAC,CC1=C(CC(=O)O)c2cc(F)ccc2/C1=C\c1ccc([S+](C)[O-])cc1,0.1848198844108071,0.100365326,0.4986064,0.126155,688,638,2238,0.33870968,25,True,191,34.41
747,CHEMBL1511957,PIPERIDOLATE HYDROCHLORIDE,CCN1CCCC(OC(=O)C(c2ccccc2)c2ccccc2)C1.Cl,0.1836803130541311,0.07741362,0.15318914,0.52256763,809,1577,1358,0.30508474,25,True,192,34.59
754,CHEMBL1873475,IBRUTINIB,C=CC(=O)N1CCC[C@@H](n2nc(-c3ccc(Oc4ccccc4)cc3)c3c(N)ncnc32)C1,0.181710711765158,0.061854053,0.335881,0.2887939,898,969,1778,0.6666667,33,True,193,34.77
756,CHEMBL1889140,ROPIVACAINE HYDROCHLORIDE,CCCN1CCCC[C@H]1C(=O)Nc1c(C)cccc1C.Cl,0.1804584999609403,0.33356732,0.11578632,0.15215679,348,1744,2126,0.3015873,21,True,194,34.95
763,CHEMBL2105748,PRUCALOPRIDE SUCCINATE,COCCCN1CCC(NC(=O)c2cc(Cl)c(N)c3c2OCC3)CC1.O=C(O)CCC(=O)O,0.1772458493618358,0.057609133,0.09967962,0.96968466,924,1815,413,0.32291666,33,True,195,35.14
769,CHEMBL1200464,PROPARACAINE HYDROCHLORIDE,CCCOc1ccc(C(=O)OCCN(CC)CC)cc1N.Cl,0.176224086700952,0.008514942,0.7831753,0.82064486,1589,254,876,0.32467532,22,True,196,35.32
770,CHEMBL1200586,PRILOCAINE HYDROCHLORIDE,CCCNC(C)C(=O)Nc1ccccc1C.Cl,0.1759856907570132,0.009838283,0.6788175,0.8161309,1540,387,885,0.31666666,17,True,197,35.5
774,CHEMBL316561,PROGLUMIDE,CCCN(CCC)C(=O)C(CCC(=O)O)NC(=O)c1ccccc1,0.1756391638875349,0.010193065,0.57758224,0.9203339,1519,523,618,0.31578946,24,True,198,35.68
775,CHEMBL85231,MEDIFOXAMINE,CN(C)CC(Oc1ccccc1)Oc1ccccc1,0.175223559863307,0.04515838,0.1191878,0.9995566,1017,1722,37,0.30769232,19,True,199,35.86
780,CHEMBL1201266,LODOXAMIDE,N#Cc1cc(NC(=O)C(=O)O)c(Cl)c(NC(=O)C(=O)O)c1,0.1735871506868261,0.104934245,0.62819225,0.07934927,671,450,2421,0.3125,21,True,200,36.04
788,CHEMBL83,TAMOXIFEN,CC/C(=C(\c1ccccc1)c1ccc(OCCN(C)C)cc1)c1ccccc1,0.1707876263191639,0.00978687,0.52289796,0.9734385,1543,605,390,0.42,28,True,201,36.22
798,CHEMBL2338329,ROXADUSTAT,Cc1nc(C(=O)NCC(=O)O)c(O)c2ccc(Oc3ccccc3)cc12,0.1658711905876957,0.2447837,0.82141346,0.022697005,439,210,2712,0.328125,26,True,202,36.4
805,CHEMBL1200497,CYCLIZINE LACTATE,CC(O)C(=O)O.CN1CCN(C(c2ccccc2)c2ccccc2)CC1,0.1638170330070984,0.013287459,0.37365717,0.8854458,1425,861,713,0.3220339,26,True,203,36.58
813,CHEMBL162036,BENORILATE,CC(=O)Nc1ccc(OC(=O)c2ccccc2OC(C)=O)cc1,0.1623788809057628,0.019210871,0.7443985,0.29938915,1304,301,1754,0.32258064,23,True,204,36.76
820,CHEMBL1653,PHENIRAMINE MALEATE,CN(C)CCC(c1ccccc1)c1ccccn1.O=C(O)/C=C\C(=O)O,0.1614011442836951,0.03123391,0.3356188,0.40109497,1138,970,1564,0.31034482,26,True,205,36.94
834,CHEMBL1077896,ROPIVACAINE,CCCN1CCCC[C@H]1C(=O)Nc1c(C)cccc1C,0.1569975017509883,0.2971962,0.070607424,0.18441005,394,2016,2028,0.30645162,20,True,206,37.12
838,CHEMBL806,FLUTAMIDE,CC(C)C(=O)Nc1ccc([N+](=O)[O-])c(C(F)(F)F)c1,0.1560932657780157,0.039963752,0.34126818,0.2788627,1059,949,1799,0.3529412,19,True,207,37.3
840,CHEMBL2107011,OXYPERTINE,COc1cc2[nH]c(C)c(CCN3CCN(c4ccccc4)CC3)c2cc1OC,0.155873806675057,0.09084997,0.043879744,0.9500151,729,2236,506,0.33333334,28,True,208,37.48
851,CHEMBL1196,PROPARACAINE,CCCOc1ccc(C(=O)OCCN(CC)CC)cc1N,0.1537996212523976,0.0053811953,0.7893736,0.85645497,1748,244,796,0.32894737,21,True,209,37.66
852,CHEMBL1272,REPAGLINIDE,CCOc1cc(CC(=O)N[C@@H](CC(C)C)c2ccccc2N2CCCCC2)ccc1C(=O)O,0.1537750412546327,0.010126649,0.36887038,0.9734596,1522,874,389,0.30232558,33,True,210,37.84
858,CHEMBL1623992,PIPERIDOLATE,CCN1CCCC(OC(=O)C(c2ccccc2)c2ccccc2)C1,0.1517747632355991,0.0629454,0.097578615,0.56921977,887,1830,1292,0.31034482,24,True,211,38.02
859,CHEMBL716,QUETIAPINE,OCCOCCN1CCN(C2=Nc3ccccc3Sc3ccccc32)CC1,0.1517713714085864,0.043786414,0.08200312,0.9736433,1028,1932,386,0.32911393,27,True,212,38.2
860,CHEMBL473417,VISMODEGIB,CS(=O)(=O)c1ccc(C(=O)Nc2ccc(Cl)c(-c3ccccn3)c2)c(Cl)c1,0.151544280294794,0.28523245,0.17779571,0.068627544,405,1469,2467,0.33783785,27,True,213,38.38
863,CHEMBL752,ADENOSINE PHOSPHATE,Nc1ncnc2c1ncn2[C@@H]1O[C@H](COP(=O)(O)O)[C@@H](O)[C@H]1O,0.1512177947278335,0.05172095,0.42760745,0.15634967,970,751,2112,0.47560975,23,True,214,38.56
873,CHEMBL1887891,DEXFENFLURAMINE HYDROCHLORIDE,CCN[C@@H](C)Cc1cccc(C(F)(F)F)c1.Cl,0.1485914007464564,0.09871956,0.15232062,0.2181821,700,1582,1935,0.32258064,17,True,215,38.74
874,CHEMBL2106217,FENFLURAMINE HYDROCHLORIDE,CCNC(C)Cc1cccc(C(F)(F)F)c1.Cl,0.148523544112162,0.107872576,0.1709469,0.17766981,664,1498,2041,0.32258064,17,True,216,38.92
898,CHEMBL603,ZAFIRLUKAST,COc1cc(C(=O)NS(=O)(=O)c2ccccc2C)ccc1Cc1cn(C)c2ccc(NC(=O)OC3CCCC3)cc12,0.1431276877895888,0.020310927,0.41738796,0.34586075,1281,775,1658,0.3265306,41,True,217,39.1
903,CHEMBL1200392,DOXYLAMINE SUCCINATE,CN(C)CCOC(C)(c1ccccc1)c1ccccn1.O=C(O)CCC(=O)O,0.141718422892249,0.018493854,0.16546533,0.93013185,1316,1520,581,0.3275862,28,True,218,39.28
908,CHEMBL1444,LETROZOLE,N#Cc1ccc(C(c2ccc(C#N)cc2)n2cncn2)cc1,0.1407142688283827,0.05795704,0.5568487,0.08633183,921,555,2394,0.31111112,22,True,219,39.46
909,CHEMBL1200440,MEPIVACAINE HYDROCHLORIDE,Cc1cccc(C)c1NC(=O)C1CCCCN1C.Cl,0.1403342517477658,0.18249367,0.090602785,0.16714822,507,1870,2080,0.3,19,True,220,39.64
910,CHEMBL13209,NITRAZEPAM,O=C1CN=C(c2ccccc2)c2cc([N+](=O)[O-])ccc2N1,0.139994393105977,0.16982923,0.3088693,0.05230519,518,1040,2557,0.40350878,21,True,221,39.82
940,CHEMBL98,VORINOSTAT,O=C(CCCCCCC(=O)Nc1ccccc1)NO,0.1341112378782298,0.0031598208,0.7808414,0.9776202,1961,258,344,0.4181818,19,True,222,40.0
941,CHEMBL2096631,CLORAZEPATE DIPOTASSIUM,O=C([O-])C1N=C(c2ccccc2)c2cc(Cl)ccc2NC1=O.[K+].[K+].[OH-],0.1340010713311551,0.06728593,0.3116188,0.1147564,867,1032,2286,0.3114754,25,True,223,40.18
945,CHEMBL2107726,ARIMOCLOMOL,[O-][n+]1cccc(/C(Cl)=N/OC[C@H](O)CN2CCCCC2)c1,0.1332101876585464,0.010221493,0.50456476,0.45833287,1518,631,1466,0.37096775,21,True,224,40.36
948,CHEMBL2042122,FLUTEMETAMOL F 18,CNc1ccc(-c2nc3ccc(O)cc3s2)cc1[18F],0.1324060557484005,0.3921256,0.38694423,0.015298536,308,838,2772,0.37313432,19,True,225,40.54
949,CHEMBL579205,FLUTEMETAMOL,CNc1ccc(-c2nc3ccc(O)cc3s2)cc1F,0.1324060557484005,0.3921256,0.38694423,0.015298536,308,838,2772,0.37313432,19,True,226,40.72
952,CHEMBL1558,PRAZOSIN HYDROCHLORIDE,COc1cc2nc(N3CCN(C(=O)c4ccco4)CC3)nc(N)c2cc1OC.Cl,0.1323022848565568,0.08958945,0.21543752,0.11998416,738,1318,2264,0.4477612,29,True,227,40.9
953,CHEMBL3707313,TRIFAROTENE,CC(C)(C)c1cc(-c2cc(-c3ccc(C(=O)O)cc3)ccc2OCCO)ccc1N1CCCC1,0.1322744613147502,0.043880343,0.26951832,0.1956905,1027,1146,1998,0.30952382,34,True,228,41.08
978,CHEMBL2146883,COBIMETINIB,O=C(c1ccc(F)c(F)c1Nc1ccc(I)cc1F)N1CC(O)([C@@H]2CCCCN2)C1,0.1287978197436517,0.30628085,0.016546449,0.42160037,382,2648,1531,0.30337077,30,True,229,41.26
983,CHEMBL1466,DICUMAROL,O=c1oc2ccccc2c(O)c1Cc1c(O)c2ccccc2oc1=O,0.1277243530728946,0.18719925,0.015902385,0.69993037,500,2660,1093,0.3469388,25,True,230,41.44
984,CHEMBL608533,MIDOSTAURIN,CO[C@@H]1[C@H](N(C)C(=O)c2ccccc2)C[C@H]2O[C@]1(C)n1c3ccccc3c3c4c(c5c6ccccc6n2c5c31)C(=O)NC4,0.127683715189442,0.029381953,0.28821445,0.24581604,1158,1090,1862,0.7625,43,True,231,41.62
989,CHEMBL1213252,CLORAZEPIC ACID,O=C(O)C1N=C(c2ccccc2)c2cc(Cl)ccc2NC1=O,0.1261785298155131,0.065005094,0.2936244,0.10524873,878,1073,2311,0.33333334,22,True,232,41.8
991,CHEMBL14376,ILOPERIDONE,COc1cc(C(C)=O)ccc1OCCCN1CCC(c2noc3cc(F)ccc23)CC1,0.1259841960627686,0.035965927,0.20103842,0.27655268,1091,1379,1802,0.38613862,31,True,233,41.98
992,CHEMBL2,PRAZOSIN,COc1cc2nc(N3CCN(C(=O)c4ccco4)CC3)nc(N)c2cc1OC,0.125712040084063,0.083648324,0.1990133,0.11934145,771,1385,2266,0.45454547,28,True,234,42.16
999,CHEMBL2103739,EMEDASTINE DIFUMARATE,CCOCCn1c(N2CCCN(C)CC2)nc2ccccc21.O=C(O)/C=C/C(=O)O.O=C(O)/C=C/C(=O)O,0.1244516841182024,0.020825988,0.1329744,0.69603115,1273,1657,1098,0.3243243,38,True,235,42.34
1012,CHEMBL2095206,BOSUTINIB MONOHYDRATE,COc1cc(Nc2c(C#N)cnc3cc(OCCCN4CCN(C)CC4)c(OC)cc23)c(Cl)cc1Cl.O,0.1222233713355882,0.98516196,0.41412142,0.0044753556,30,784,2948,0.875,37,True,236,42.52
1013,CHEMBL6067998,LASOFOXIFENE TARTRATE,O=C(O)C(O)C(O)C(=O)O.Oc1ccc2c(c1)CC[C@H](c1ccccc1)[C@@H]2c1ccc(OCCN2CCCC2)cc1,0.1220107504808481,0.011225226,0.37318367,0.43358728,1484,863,1512,0.33783785,41,True,237,42.7
1018,CHEMBL2219425,ARIPIPRAZOLE LAUROXIL,CCCCCCCCCCCC(=O)OCN1C(=O)CCc2ccc(OCCCCN3CCN(c4cccc(Cl)c4Cl)CC3)cc21,0.1207404547326608,0.023067366,0.088172466,0.8654211,1240,1886,774,0.3043478,45,True,238,42.88
1021,CHEMBL1087,MEPIVACAINE,Cc1cccc(C)c1NC(=O)C1CCCCN1C,0.1202133976493581,0.15524167,0.053492248,0.20919894,540,2145,1959,0.30508474,18,True,239,43.06
1024,CHEMBL1448,NICLOSAMIDE,O=C(Nc1ccc([N+](=O)[O-])cc1Cl)c1cc(Cl)ccc1O,0.119784570754514,0.124135554,0.7974809,0.017361455,600,232,2756,0.3283582,21,True,240,43.24
1026,CHEMBL12610,BENZYDAMINE,CN(C)CCCOc1nn(Cc2ccccc2)c2ccccc12,0.119193228514088,0.064725935,0.026470529,0.9883569,880,2462,233,0.3859649,23,True,241,43.42
1029,CHEMBL3301607,FILGOTINIB,O=C(Nc1nc2cccc(-c3ccc(CN4CCS(=O)(=O)CC4)cc3)n2n1)C1CC1,0.1186776224465489,0.13901001,0.10240348,0.117420964,572,1799,2278,0.35632184,30,True,242,43.6
1032,CHEMBL2096642,INAMRINONE LACTATE,CC(O)C(=O)O.Nc1cc(-c2ccncc2)c[nH]c1=O,0.1185057467410258,0.022688933,0.36265102,0.20226243,1247,894,1976,0.43636364,20,True,243,43.78
1035,CHEMBL3707320,ALECTINIB HYDROCHLORIDE,CCc1cc2c(cc1N1CCC(N3CCOCC3)CC1)C(C)(C)c1[nH]c3cc(C#N)ccc3c1C2=O.Cl,0.1183811863342316,0.02341797,0.53990966,0.13121323,1228,578,2215,0.7916667,37,True,244,43.96
1040,CHEMBL288441,BOSUTINIB,COc1cc(Nc2c(C#N)cnc3cc(OCCCN4CCN(C)CC4)c(OC)cc23)c(Cl)cc1Cl,0.1173328836252876,0.9876088,0.4195735,0.003898219,27,770,2961,0.875,36,True,245,44.14
1049,CHEMBL1528134,BENZYDAMINE HYDROCHLORIDE,CN(C)CCCOc1nn(Cc2ccccc2)c2ccccc12.Cl,0.1157395501362297,0.05917111,0.026620097,0.9842966,915,2459,282,0.37931034,24,True,246,44.32
1054,CHEMBL707,DOXAZOSIN,COc1cc2nc(N3CCN(C(=O)C4COc5ccccc5O4)CC3)nc(N)c2cc1OC,0.1144690150498024,0.030702619,0.24738735,0.19747445,1143,1209,1992,0.3875,33,True,247,44.5
1056,CHEMBL1200446,TRIPELENNAMINE HYDROCHLORIDE,CN(C)CCN(Cc1ccccc1)c1ccccn1.Cl,0.1143186533569011,0.029697498,0.05957657,0.844415,1154,2093,830,0.33333334,20,True,248,44.68
1063,CHEMBL849,TRICLOSAN,Oc1cc(Cl)ccc1Oc1ccc(Cl)cc1Cl,0.1133366910222659,0.84197825,0.6140498,0.0028158352,101,470,3003,0.30232558,17,True,249,44.86
1065,CHEMBL1524273,PHTHALYLSULFATHIAZOLE,O=C(O)c1ccccc1C(=O)Nc1ccc(S(=O)(=O)Nc2nccs2)cc1,0.1130252996364137,0.08792469,0.29127073,0.056379262,749,1082,2540,0.37313432,27,True,250,45.05
1068,CHEMBL1738797,ALECTINIB,CCc1cc2c(cc1N1CCC(N3CCOCC3)CC1)C(C)(C)c1[nH]c3cc(C#N)ccc3c1C2=O,0.11247868762064,0.021148056,0.5264357,0.12781887,1266,600,2227,0.8028169,36,True,251,45.23
1076,CHEMBL1200654,BENOXINATE HYDROCHLORIDE,CCCCOc1cc(C(=O)OCCN(CC)CC)ccc1N.Cl,0.1103767085832215,0.0032949864,0.6052327,0.6743047,1942,484,1133,0.30379745,23,True,252,45.41
1092,CHEMBL1241,TRIPELENNAMINE,CN(C)CCN(Cc1ccccc1)c1ccccn1,0.1076074637826627,0.030094951,0.047078017,0.8794587,1150,2204,740,0.3137255,19,True,253,45.59
1093,CHEMBL3646221,VADADUSTAT,O=C(O)CNC(=O)c1ncc(-c2cccc(Cl)c2)cc1O,0.1072985605773863,0.081421554,0.4780867,0.031734787,783,668,2667,0.3508772,21,True,254,45.77
1102,CHEMBL259571,TAPINAROF,CC(C)c1c(O)cc(/C=C/c2ccccc2)cc1O,0.1052690021412832,0.13813557,0.13835545,0.061037924,573,1636,2514,0.375,19,True,255,45.95
1104,CHEMBL1200387,AMPHETAMINE ADIPATE,CC(N)Cc1ccccc1.O=C(O)CCCCC(=O)O,0.1050364711958424,0.0027670048,0.4685028,0.8939192,2018,689,699,0.30612245,20,True,256,46.13
1106,CHEMBL2355051,CLOMIPHENE,CCN(CC)CCOc1ccc(C(=C(Cl)c2ccccc2)c2ccccc2)cc1,0.1047037892769357,0.07132211,0.11595388,0.13879625,845,1742,2186,0.36923078,29,True,257,46.31
1109,CHEMBL1201124,KETOROLAC TROMETHAMINE,NC(CO)(CO)CO.O=C(c1ccccc1)c1ccc2n1CCC2C(=O)O,0.1044768588601309,0.026862077,0.0972593,0.43650535,1186,1833,1503,0.3188406,27,True,258,46.49
1117,CHEMBL141305,CYCLOFENIL,CC(=O)Oc1ccc(C(=C2CCCCC2)c2ccc(OC(C)=O)cc2)cc1,0.1037852020085997,0.0062872055,0.5994324,0.2966255,1691,496,1756,0.3,27,True,259,46.67
1118,CHEMBL1200561,DOXAZOSIN MESYLATE,COc1cc2nc(N3CCN(C(=O)C4COc5ccccc5O4)CC3)nc(N)c2cc1OC.CS(=O)(=O)O,0.1034891427620145,0.028651806,0.2741224,0.14111978,1164,1129,2175,0.3647059,38,True,260,46.85
1120,CHEMBL1200,BENOXINATE,CCCCOc1cc(C(=O)OCCN(CC)CC)ccc1N,0.1034074340373692,0.00230079,0.6421448,0.74842006,2079,430,1019,0.30769232,22,True,261,47.03
1134,CHEMBL1079742,ERLOTINIB HYDROCHLORIDE,C#Cc1cccc(Nc2ncnc3cc(OCCOC)c(OCCOC)cc23)c1.Cl,0.1013133708913203,0.86821514,0.23414233,0.005115559,81,1252,2932,0.5263158,30,True,262,47.21
1138,CHEMBL942,BISACODYL,CC(=O)Oc1ccc(C(c2ccc(OC(C)=O)cc2)c2ccccn2)cc1,0.100335862011451,0.040001318,0.7934133,0.03182694,1058,239,2666,0.32692307,27,True,263,47.39
1146,CHEMBL553,ERLOTINIB,C#Cc1cccc(Nc2ncnc3cc(OCCOC)c(OCCOC)cc23)c1,0.0994353241892954,0.8506723,0.21827035,0.0052949884,91,1308,2930,0.53571427,29,True,264,47.57
1151,CHEMBL511,PYRILAMINE,COc1ccc(CN(CCN(C)C)c2ccccn2)cc1,0.0988274036578636,0.014424446,0.094791226,0.70593536,1395,1852,1089,0.30357143,21,True,265,47.75
1163,CHEMBL25202,TAMIBAROTENE,CC1(C)CCC(C)(C)c2cc(NC(=O)c3ccc(C(=O)O)cc3)ccc21,0.097174526582339,0.005615796,0.72300994,0.22599648,1728,324,1911,0.32258064,26,True,266,47.93
1169,CHEMBL1200782,DEXTROAMPHETAMINE ADIPATE,C[C@H](N)Cc1ccccc1.O=C(O)CCCCC(=O)O,0.0962210299486176,0.0022360266,0.43956345,0.90638256,2092,732,668,0.30612245,20,True,267,48.11
1172,CHEMBL712,ANISINDIONE,COc1ccc(C2C(=O)c3ccccc3C2=O)cc1,0.0958504824797092,0.037881337,0.12478689,0.1862896,1080,1698,2023,0.39534885,19,True,268,48.29
1176,CHEMBL1402684,OXYPHENISATIN ACETATE,CC(=O)Oc1ccc(C2(c3ccc(OC(C)=O)cc3)C(=O)Nc3ccccc32)cc1,0.0953298392704958,0.0057999743,0.66636425,0.22415522,1715,401,1917,0.33962265,30,True,269,48.47
1180,CHEMBL1474963,BENZARONE,CCc1oc2ccccc2c1C(=O)c1ccc(O)cc1,0.0949099993271274,0.08596732,0.36781868,0.027037637,758,876,2691,0.30952382,20,True,270,48.65
1190,CHEMBL973,TERIFLUNOMIDE,C/C(O)=C(\C#N)C(=O)Nc1ccc(C(F)(F)F)cc1,0.0935585770413375,0.0032314537,0.32523412,0.7792141,1951,1001,959,0.4680851,19,True,271,48.83
1196,CHEMBL6068400,GIVINOSTAT HYDROCHLORIDE,CCN(CC)Cc1ccc2cc(COC(=O)Nc3ccc(C(=O)NO)cc3)ccc2c1.Cl.O,0.0929350600694942,0.0008282713,0.97558326,0.993349,2433,45,163,0.3375,33,True,272,49.01
1204,CHEMBL608,PROBUCOL,CC(C)(Sc1cc(C(C)(C)C)c(O)c(C(C)(C)C)c1)Sc1cc(C(C)(C)C)c(O)c(C(C)(C)C)c1,0.0922829244509976,0.6698647,0.009988916,0.117451526,177,2795,2277,0.4,35,True,273,49.19
1224,CHEMBL1404,RANOLAZINE,COc1ccccc1OCC(O)CN1CCN(CC(=O)Nc2c(C)cccc2C)CC1,0.0904242649273846,0.0059027616,0.12936087,0.9682709,1712,1675,427,0.41428572,31,True,274,49.37
1225,CHEMBL4594250,NETARSUDIL,Cc1ccc(C(=O)OCc2ccc([C@@H](CN)C(=O)Nc3ccc4cnccc4c3)cc2)c(C)c1,0.090389299906892,0.006985166,0.60141,0.17579384,1653,491,2046,0.31034482,34,True,275,49.55
1227,CHEMBL951,IOPHENDYLATE,CCOC(=O)CCCCCCCCC(C)c1ccc(I)cc1,0.0898433899607868,0.8549377,0.014669587,0.05782371,86,2689,2529,0.30508474,22,True,276,49.73
1238,CHEMBL1909072,PIPAMAZINE,NC(=O)C1CCN(CCCN2c3ccccc3Sc3ccc(Cl)cc32)CC1,0.0885378602404507,0.008196685,0.10210003,0.8293216,1601,1801,855,0.30769232,27,True,277,49.91
1241,CHEMBL1200798,TRAZODONE HYDROCHLORIDE,Cl.O=c1n(CCCN2CCN(c3cccc(Cl)c3)CC2)nc2ccccn12,0.0879229128641686,0.014480507,0.09504725,0.4938362,1394,1849,1402,0.3561644,27,True,278,50.09
1244,CHEMBL1671,PROPRANOLOL HYDROCHLORIDE,CC(C)NCC(O)COc1cccc2ccccc12.Cl,0.0878080569581289,0.013649271,0.049799763,0.9960163,1417,2182,108,0.3030303,20,True,279,50.27
1252,CHEMBL2106155,ENCAINIDE HYDROCHLORIDE,COc1ccc(C(=O)Nc2ccccc2CCC2CCCCN2C)cc1.Cl,0.0870123145091133,0.00228981,0.50810975,0.56622005,2080,624,1296,0.30882353,27,True,280,50.45
1257,CHEMBL1200977,MILRINONE LACTATE,CC(O)C(=O)O.Cc1[nH]c(=O)c(C#N)cc1-c1ccncc1,0.0862159556395021,0.09136191,0.60439724,0.011605809,725,487,2818,0.30882353,22,True,281,50.63
1269,CHEMBL3989562,TERAZOSIN HYDROCHLORIDE,COc1cc2nc(N3CCN(C(=O)C4CCCO4)CC3)nc(N)c2cc1OC.Cl.O.O,0.084213144829897,0.027653208,0.286061,0.07549801,1176,1098,2443,0.39240506,31,True,282,50.81
1271,CHEMBL305660,EBASTINE,CC(C)(C)c1ccc(C(=O)CCCN2CCC(OC(c3ccccc3)c3ccccc3)CC2)cc1,0.083933415566777,0.021555066,0.081067674,0.33838224,1257,1938,1674,0.375,35,True,283,50.99
1296,CHEMBL1201222,LISDEXAMFETAMINE,C[C@@H](Cc1ccccc1)NC(=O)[C@@H](N)CCCCN,0.0812848559073211,0.0026899278,0.20871545,0.9566074,2034,1348,484,0.3015873,19,True,284,51.17
1309,CHEMBL178803,BLONANSERIN,CCN1CCN(c2cc(-c3ccc(F)cc3)c3c(n2)CCCCCC3)CC1,0.0803418368294229,0.037195586,0.01401792,0.9946043,1086,2702,137,0.32,27,True,285,51.35
1312,CHEMBL1073,GLIPIZIDE,Cc1cnc(C(=O)NCCc2ccc(S(=O)(=O)NC(=O)NC3CCCCC3)cc2)cn1,0.0797934541840516,0.0011497725,0.64169204,0.6885941,2322,431,1105,0.30769232,31,True,286,51.53
1313,CHEMBL621,TRAZODONE,O=c1n(CCCN2CCN(c3cccc(Cl)c3)CC2)nc2ccccn12,0.0797003982986752,0.013673031,0.080901176,0.4576798,1416,1939,1467,0.3611111,26,True,287,51.71
1314,CHEMBL1628504,RILPIVIRINE HYDROCHLORIDE,Cc1cc(/C=C/C#N)cc(C)c1Nc1ccnc(Nc2ccc(C#N)cc2)n1.Cl,0.079687102719292,0.07274544,0.43298697,0.016065106,837,743,2768,0.32894737,29,True,288,51.89
1323,CHEMBL3301594,FOSTEMSAVIR,COc1cnc(-n2cnc(C)n2)c2c1c(C(=O)C(=O)N1CCN(C(=O)c3ccccc3)CC1)cn2COP(=O)(O)O,0.0788557984985238,0.07757399,0.12772106,0.049490545,808,1681,2575,0.30232558,41,True,289,52.07
1335,CHEMBL70972,SERATRODAST,CC1=C(C)C(=O)C(C(CCCCCC(=O)O)c2ccccc2)=C(C)C1=O,0.0780951349946262,0.0033972273,0.18899477,0.7418185,1931,1428,1032,0.30612245,26,True,290,52.25
1336,CHEMBL1874750,CINEPAZIDE,COc1cc(/C=C/C(=O)N2CCN(CC(=O)N3CCCC3)CC2)cc(OC)c1OC,0.0780649806045962,0.01914442,0.39084592,0.063580066,1306,829,2500,0.35185185,30,True,291,52.43
1339,CHEMBL1201256,TRIMETHOBENZAMIDE,COc1cc(C(=O)NCc2ccc(OCCN(C)C)cc2)cc(OC)c1OC,0.0779318669624282,0.0058082896,0.24320456,0.335062,1713,1218,1680,0.37974682,28,True,292,52.61
1340,CHEMBL27,PROPRANOLOL,CC(C)NCC(O)COc1cccc2ccccc12,0.077827550716935,0.010884048,0.04347,0.9963683,1498,2243,103,0.30769232,19,True,293,52.79
1351,CHEMBL1228,OXYPHENBUTAZONE ANHYDROUS,CCCCC1C(=O)N(c2ccccc2)N(c2ccc(O)cc2)C1=O,0.0771302434139067,0.0033651826,0.5760865,0.23668882,1935,524,1883,0.3015873,24,True,294,52.97
1352,CHEMBL1726,NISOLDIPINE,COC(=O)C1=C(C)NC(C)=C(C(=O)OCC(C)C)C1c1ccccc1[N+](=O)[O-],0.0771301254160974,0.0053707846,0.2380959,0.35882485,1749,1238,1634,0.31746033,28,True,295,53.15
1359,CHEMBL175691,RILPIVIRINE,Cc1cc(/C=C/C#N)cc(C)c1Nc1ccnc(Nc2ccc(C#N)cc2)n1,0.0762639542663513,0.06860193,0.42061123,0.015372369,861,765,2770,0.33333334,28,True,296,53.33
1363,CHEMBL3833319,REVEFENACIN,CN(CCN1CCC(OC(=O)Nc2ccccc2-c2ccccc2)CC1)C(=O)c1ccc(CN2CCC(C(N)=O)CC2)cc1,0.0760095499020218,0.0019088727,0.4845741,0.47475255,2147,658,1439,0.32894737,44,True,297,53.51
1368,CHEMBL1200887,TRIMETHOBENZAMIDE HYDROCHLORIDE,COc1cc(C(=O)NCc2ccc(OCCN(C)C)cc2)cc(OC)c1OC.Cl,0.0753313346425199,0.0063568354,0.22736108,0.29578075,1686,1275,1759,0.375,29,True,298,53.69
1370,CHEMBL4298149,ARIMOCLOMOL CITRATE,O=C(O)CC(O)(CC(=O)O)C(=O)O.[O-][n+]1cccc(/C(Cl)=N/OC[C@H](O)CN2CCCCC2)c1,0.0752611691563623,0.00986467,0.30387235,0.14221291,1537,1050,2167,0.30666667,34,True,299,53.87
1373,CHEMBL1085,ACETOPHENAZINE,CC(=O)c1ccc2c(c1)N(CCCN1CCN(CCO)CC1)c1ccccc1S2,0.0751797610982641,0.008324434,0.052427977,0.9736101,1598,2157,387,0.30952382,29,True,300,54.05
1375,CHEMBL1200522,AVOBENZONE,COc1ccc(C(=O)CC(=O)c2ccc(C(C)(C)C)cc2)cc1,0.0751162246903514,0.0032191179,0.64564043,0.2039265,1953,423,1971,0.45454547,23,True,301,54.23
1383,CHEMBL115,INDINAVIR ANHYDROUS,CC(C)(C)NC(=O)[C@@H]1CN(Cc2cccnc2)CCN1C[C@@H](O)C[C@@H](Cc1ccccc1)C(=O)N[C@H]1c2ccccc2C[C@H]1O,0.0739330572806705,0.023663674,0.019244876,0.88739866,1224,2585,710,0.3018868,45,True,302,54.41
1385,CHEMBL4071161,TIRABRUTINIB,CC#CC(=O)N1CC[C@@H](n2c(=O)n(-c3ccc(Oc4ccccc4)cc3)c3c(N)ncnc32)C1,0.073757976189655,0.018802948,0.34922704,0.061107308,1313,929,2513,0.34444445,34,True,303,54.59
1388,CHEMBL315838,ENCAINIDE,COc1ccc(C(=O)Nc2ccccc2CCC2CCCCN2C)cc1,0.0732909993371124,0.0016722215,0.46657756,0.50458497,2195,693,1383,0.30769232,26,True,304,54.77
1392,CHEMBL1571863,ISOCONAZOLE,Clc1ccc(C(Cn2ccnc2)OCc2c(Cl)cccc2Cl)c(Cl)c1,0.072653913659418,0.3544723,0.010830989,0.099891044,334,2766,2335,0.3030303,25,True,305,54.95
1394,CHEMBL1200761,CHLOROTRIANISENE,COc1ccc(C(Cl)=C(c2ccc(OC)cc2)c2ccc(OC)cc2)cc1,0.0726463270007791,0.040529795,0.32872713,0.028776037,1053,993,2681,0.36666667,27,True,306,55.14
1399,CHEMBL611,TERAZOSIN,COc1cc2nc(N3CCN(C(=O)C4CCCO4)CC3)nc(N)c2cc1OC,0.0723294536047974,0.022414932,0.24121013,0.06998624,1252,1224,2459,0.4025974,28,True,307,55.32
1400,CHEMBL1201063,PROPAFENONE HYDROCHLORIDE,CCCNCC(O)COc1ccccc1C(=O)CCc1ccccc1.Cl,0.0720929108011581,0.0033247846,0.114774935,0.9818995,1937,1752,304,0.32876712,26,True,308,55.5
1403,CHEMBL110,BENZNIDAZOLE,O=C(Cn1ccnc1[N+](=O)[O-])NCc1ccccc1,0.0719559272136869,0.09360406,0.14188258,0.028052783,716,1621,2688,0.3015873,19,True,309,55.68
1410,CHEMBL1213492,GIVINOSTAT,CCN(CC)Cc1ccc2cc(COC(=O)Nc3ccc(C(=O)NO)cc3)ccc2c1,0.0706438367841939,0.00036091538,0.9808865,0.9958609,2679,37,112,0.34615386,31,True,310,55.86
1417,CHEMBL5314600,TIRABRUTINIB HYDROCHLORIDE,CC#CC(=O)N1CC[C@@H](n2c(=O)n(-c3ccc(Oc4ccccc4)cc3)c3c(N)ncnc32)C1.Cl,0.0699951270598755,0.018046042,0.34145483,0.055652935,1325,948,2545,0.34065935,35,True,311,56.04
1420,CHEMBL1324,TOLCAPONE,Cc1ccc(C(=O)c2cc(O)c(O)c([N+](=O)[O-])c2)cc1,0.0697909900549392,0.08552397,0.15347852,0.025897782,760,1575,2695,0.3018868,20,True,312,56.22
1429,CHEMBL245807,OXYPHENISATINE,O=C1Nc2ccccc2C1(c1ccc(O)cc1)c1ccc(O)cc1,0.0687575570616212,0.0025329876,0.5755581,0.22296624,2049,527,1919,0.4047619,24,True,313,56.4
1430,CHEMBL1200543,ANILERIDINE PHOSPHATE,CCOC(=O)C1(c2ccccc2)CCN(CCc2ccc(N)cc2)CC1.O=P(O)(O)O,0.0687010842510121,0.0028299368,0.54108846,0.21176088,2009,576,1949,0.3026316,31,True,314,56.58
1431,CHEMBL142635,NAFTOPIDIL,COc1ccccc1N1CCN(CC(O)COc2cccc3ccccc23)CC1,0.0686594232020768,0.014923178,0.02178335,0.9956678,1388,2544,116,0.6666667,29,True,315,56.76
1432,CHEMBL2106915,METHOPHOLINE,COc1cc2c(cc1OC)C(CCc1ccc(Cl)cc1)N(C)CC2,0.0686418024989512,0.009623803,0.033652097,0.9986358,1547,2372,61,0.30136988,24,True,316,56.94
1433,CHEMBL631,PROPAFENONE,CCCNCC(O)COc1ccccc1C(=O)CCc1ccccc1,0.0685932109884026,0.0031507683,0.104167394,0.98332065,1962,1794,293,0.33333334,25,True,317,57.12
1460,CHEMBL259972,MOFEZOLAC,COc1ccc(-c2noc(CC(=O)O)c2-c2ccc(OC)cc2)cc1,0.0658194234398018,0.027542835,0.10228241,0.10121682,1178,1800,2328,0.32786885,25,True,318,57.3
1466,CHEMBL1460,DIDANOSINE,O=c1[nH]cnc2c1ncn2[C@H]1CC[C@@H](CO)O1,0.0652264500054134,0.008640273,0.04153636,0.7732419,1582,2265,974,0.375,17,True,319,57.48
1480,CHEMBL3301622,GILTERITINIB,CCc1nc(C(N)=O)c(Nc2ccc(N3CCC(N4CCN(C)CC4)CC3)c(OC)c2)nc1NC1CCOCC1,0.0637829704875698,0.004346037,0.07051887,0.84667236,1825,2017,824,0.35643566,40,True,320,57.66
1483,CHEMBL1201006,PYRILAMINE MALEATE,COc1ccc(CN(CCN(C)C)c2ccccn2)cc1.O=C(O)/C=C\C(=O)O,0.0636774749957864,0.0023686488,0.22630471,0.481685,2070,1280,1421,0.3442623,29,True,321,57.84
1486,CHEMBL4298167,FILGOTINIB MALEATE,O=C(Nc1nc2cccc(-c3ccc(CN4CCS(=O)(=O)CC4)cc3)n2n1)C1CC1.O=C(O)/C=C\C(=O)O,0.0633750597936979,0.09137339,0.057592813,0.048369005,724,2116,2579,0.33333334,38,True,322,58.02
1508,CHEMBL1083993,AMIODARONE HYDROCHLORIDE,CCCCc1oc2ccccc2c1C(=O)c1cc(I)c(OCCN(CC)CC)c(I)c1.Cl,0.061614027746378,0.1050981,0.017288368,0.12873298,669,2632,2222,0.36708862,32,True,323,58.2
1509,CHEMBL10878,AGOMELATINE,COc1ccc2cccc(CCNC(C)=O)c2c1,0.0615376250932722,0.0022730432,0.17767766,0.5770077,2087,1470,1277,0.35849056,18,True,324,58.38
1521,CHEMBL2111101,PIMAVANSERIN,CC(C)COc1ccc(CNC(=O)N(Cc2ccc(F)cc2)C2CCN(C)CC2)cc1,0.0607441270164878,0.0015266074,0.3564881,0.41185135,2230,911,1550,0.31944445,31,True,325,58.56
1527,CHEMBL1200420,MIDAZOLAM HYDROCHLORIDE,Cc1ncc2n1-c1ccc(Cl)cc1C(c1ccccc1F)=NC2.Cl,0.0603020480324413,0.10080198,0.002176467,0.99948174,686,3075,41,0.33766234,24,True,326,58.74
1531,CHEMBL3304486,DIFEMERINE,CN(C)CC(C)(C)OC(=O)C(O)(c1ccccc1)c1ccccc1,0.0599591917062801,0.039676614,0.030934708,0.17562516,1064,2402,2048,0.31111112,24,True,327,58.92
1541,CHEMBL640,PROCAINAMIDE,CCN(CC)CCNC(=O)c1ccc(N)cc1,0.0594746240760716,0.0004794837,0.5843443,0.7508488,2602,511,1018,0.39130434,17,True,328,59.1
1542,CHEMBL41355,EZOGABINE,CCOC(=O)Nc1ccc(NCc2ccc(F)cc2)cc1N,0.0594583031975016,0.00022139866,0.98085815,0.9679575,2813,38,430,0.31578946,22,True,329,59.28
1550,CHEMBL3989937,CAPMATINIB HYDROCHLORIDE,CNC(=O)c1ccc(-c2cnc3ncc(Cc4ccc5ncccc5c4)n3n2)cc1F.Cl.Cl.O,0.0592325056454503,0.05324873,0.065973476,0.059156384,956,2052,2522,0.32323232,34,True,330,59.46
1562,CHEMBL655,MIDAZOLAM,Cc1ncc2n1-c1ccc(Cl)cc1C(c1ccccc1F)=NC2,0.0576786824092604,0.0954879,0.0020106004,0.99947506,711,3087,42,0.34210527,23,True,331,59.64
1563,CHEMBL605,PROCAINAMIDE HYDROCHLORIDE,CCN(CC)CCNC(=O)c1ccc(N)cc1.Cl,0.0576724501598991,0.00064313156,0.49772516,0.5992606,2513,639,1245,0.3857143,18,True,332,59.82
1581,CHEMBL633,AMIODARONE,CCCCc1oc2ccccc2c1C(=O)c1cc(I)c(OCCN(CC)CC)c(I)c1,0.0555128662391479,0.09916317,0.014463647,0.11927591,696,2692,2267,0.37179488,31,True,333,60.0
1582,CHEMBL1480,FELODIPINE,CCOC(=O)C1=C(C)NC(C)=C(C(=O)OC)C1c1cccc(Cl)c1Cl,0.0553600394390861,0.01035645,0.09844619,0.16640995,1515,1823,2082,0.30769232,25,True,334,60.18
1589,CHEMBL1148,TORSEMIDE,Cc1cccc(Nc2ccncc2S(=O)(=O)NC(=O)NC(C)C)c1,0.055016498517896,0.08328171,0.07634589,0.026190488,775,1974,2693,0.3611111,24,True,335,60.36
1593,CHEMBL4650485,PIRTOBRUTINIB,COc1ccc(F)cc1C(=O)NCc1ccc(-c2nn([C@@H](C)C(F)(F)F)c(N)c2C(N)=O)cc1,0.0547679139896653,0.021507308,0.15444179,0.049456988,1258,1570,2576,0.3617021,34,True,336,60.54
1595,CHEMBL1200841,PROCAINE HYDROCHLORIDE,CCN(CC)CCOC(=O)c1ccc(N)cc1.Cl,0.054666828805694,0.0009513466,0.4029263,0.42619392,2391,809,1526,0.3030303,18,True,337,60.72
1597,CHEMBL3188267,CAPMATINIB,CNC(=O)c1ccc(-c2cnc3ncc(Cc4ccc5ncccc5c4)n3n2)cc1F,0.0545122640976589,0.047188345,0.05561015,0.06172966,998,2134,2509,0.3298969,31,True,338,60.9
1599,CHEMBL569,PROCAINE,CCN(CC)CCOC(=O)c1ccc(N)cc1,0.0543433240754253,0.00073643797,0.4301365,0.5066361,2472,748,1379,0.30769232,17,True,339,61.08
1600,CHEMBL1652,AMBENONIUM,CC[N+](CC)(CCNC(=O)C(=O)NCC[N+](CC)(CC)Cc1ccccc1Cl)Cc1ccccc1Cl,0.0541332685467007,0.00841087,0.046309102,0.40727282,1594,2210,1556,0.3,36,True,340,61.26
1604,CHEMBL1116,RALOXIFENE HYDROCHLORIDE,Cl.O=C(c1ccc(OCCN2CCCCC2)cc1)c1c(-c2ccc(O)cc2)sc2cc(O)ccc12,0.0537110247318839,0.0059899953,0.23021838,0.112363145,1705,1263,2289,0.3939394,35,True,341,61.44
1611,CHEMBL1200492,NEFAZODONE HYDROCHLORIDE,CCc1nn(CCCN2CCN(c3cccc(Cl)c3)CC2)c(=O)n1CCOc1ccccc1.Cl,0.0533297435765136,0.008661898,0.021022445,0.83293706,1580,2561,845,0.34567901,34,True,342,61.62
1617,CHEMBL3301670,DIFEMERINE HYDROCHLORIDE,CN(C)CC(C)(C)OC(=O)C(O)(c1ccccc1)c1ccccc1.Cl,0.0528060933254417,0.034112755,0.031571276,0.1367235,1111,2393,2194,0.33333334,25,True,343,61.8
1623,CHEMBL1738990,LEVOPROPOXYPHENE,CCC(=O)O[C@@](Cc1ccccc1)(c1ccccc1)[C@@H](C)CN(C)C,0.0523831517128309,0.013151338,0.037754063,0.28949505,1431,2322,1776,0.3181818,25,True,344,61.98
1639,CHEMBL1200461,MIDODRINE HYDROCHLORIDE,COc1ccc(OC)c(C(O)CNC(=O)CN)c1.Cl,0.0507926351005547,0.012291319,0.031065399,0.34318376,1456,2401,1663,0.3181818,19,True,345,62.16
1645,CHEMBL81,RALOXIFENE,O=C(c1ccc(OCCN2CCCCC2)cc1)c1c(-c2ccc(O)cc2)sc2cc(O)ccc12,0.0499756279350102,0.0055370103,0.21311343,0.10577636,1737,1329,2309,0.37878788,34,True,346,62.34
1646,CHEMBL256907,MARAVIROC,Cc1nnc(C(C)C)n1[C@H]1C[C@H]2CC[C@@H](C1)N2CC[C@H](NC(=O)C1CCC(F)(F)CC1)c1ccccc1,0.0498184213989083,0.0020394586,0.112232365,0.5401779,2124,1763,1334,0.3043478,37,True,347,62.52
1652,CHEMBL623,NEFAZODONE,CCc1nn(CCCN2CCN(c3cccc(Cl)c3)CC2)c(=O)n1CCOc1ccccc1,0.0495705596269413,0.0077290884,0.019007325,0.8291292,1617,2589,857,0.35,33,True,348,62.7
1662,CHEMBL7568,QUINACRINE,CCN(CC)CCCC(C)Nc1c2ccc(Cl)cc2nc2ccc(OC)cc12,0.0485495590202947,0.030974371,0.0693114,0.053302627,1141,2031,2553,0.30769232,28,True,349,62.88
1664,CHEMBL1201347,ANILERIDINE,CCOC(=O)C1(c2ccccc2)CCN(CCc2ccc(N)cc2)CC1,0.0483480350858599,0.00046958195,0.4739544,0.5077951,2608,676,1378,0.31944445,26,True,350,63.06
1667,CHEMBL1213351,PROPOXYPHENE,CCC(=O)O[C@](Cc1ccccc1)(c1ccccc1)[C@H](C)CN(C)C,0.0482779111090525,0.012686547,0.02828349,0.31359497,1449,2441,1729,0.3181818,25,True,351,63.24
1668,CHEMBL557555,CIPROFIBRATE,CC(C)(Oc1ccc(C2CC2(Cl)Cl)cc1)C(=O)O,0.0482702093802527,0.023065012,0.05107065,0.09548001,1241,2170,2354,0.30357143,18,True,352,63.42
1669,CHEMBL1237104,PROPOXYPHENE HYDROCHLORIDE,CCC(=O)O[C@](Cc1ccccc1)(c1ccccc1)[C@H](C)CN(C)C.Cl,0.0481986335040246,0.012671737,0.031897824,0.27701727,1450,2390,1801,0.33333334,26,True,353,63.6
1670,CHEMBL1201212,MIDODRINE,COc1ccc(OC)c(C(O)CNC(=O)CN)c1,0.0481451723918693,0.011561778,0.027871761,0.34631333,1475,2442,1656,0.32307693,18,True,354,63.78
1681,CHEMBL1108,DROPERIDOL,O=C(CCCN1CC=C(n2c(=O)[nH]c3ccccc32)CC1)c1ccc(F)cc1,0.0476896070891423,0.007600757,0.17085001,0.08352171,1627,1499,2404,0.3448276,28,True,355,63.96
1683,CHEMBL1200825,METHADONE HYDROCHLORIDE,CCC(=O)C(CC(C)N(C)C)(c1ccccc1)c1ccccc1.Cl,0.0474948138008748,0.0067862924,0.08297216,0.1902714,1662,1922,2011,0.3043478,24,True,356,64.14
1687,CHEMBL3142541,BUTAMBEN PICRATE,CCCCOC(=O)c1ccc(N)cc1.CCCCOC(=O)c1ccc(N)cc1.O=[N+]([O-])c1cc([N+](=O)[O-])c(O)c([N+](=O)[O-])c1,0.0471795969327342,0.040307857,0.14506118,0.017960642,1057,1609,2750,0.3125,44,True,357,64.32
1689,CHEMBL63857,PHENOLPHTHALEIN,O=C1OC(c2ccc(O)cc2)(c2ccc(O)cc2)c2ccccc21,0.0471304235449859,0.002690954,0.20231992,0.19229107,2033,1372,2004,0.37209302,24,True,358,64.5
1699,CHEMBL1535,HYDROXYCHLOROQUINE,CCN(CCO)CCCC(C)Nc1ccnc2cc(Cl)ccc12,0.0462819440368602,0.021204848,0.08875909,0.052672844,1262,1883,2555,0.32941177,23,True,359,64.68
1701,CHEMBL681,ETOMIDATE,CCOC(=O)c1cncn1[C@H](C)c1ccccc1,0.0461906099698742,0.033737775,0.35683152,0.008186183,1115,908,2876,0.35714287,18,True,360,64.86
1702,CHEMBL2104287,DIBENZEPIN HYDROCHLORIDE,CN(C)CCN1C(=O)c2ccccc2N(C)c2ccccc21.Cl,0.0461803858100099,0.014695098,0.033627417,0.19929977,1391,2374,1988,0.3877551,23,True,361,65.05
1703,CHEMBL1423,PIMOZIDE,O=c1[nH]c2ccccc2n1C1CCN(CCCC(c2ccc(F)cc2)c2ccc(F)cc2)CC1,0.0461393962911479,0.0063162674,0.120020114,0.129569,1689,1718,2221,0.32142857,34,True,362,65.23
1710,CHEMBL1201047,ANILERIDINE HYDROCHLORIDE,CCOC(=O)C1(c2ccccc2)CCN(CCc2ccc(N)cc2)CC1.Cl,0.0459051207225042,0.0004936121,0.45425445,0.43141812,2590,710,1517,0.33333334,27,True,363,65.41
1714,CHEMBL3936761,ZANUBRUTINIB,C=CC(=O)N1CCC([C@@H]2CCNc3c(C(N)=O)c(-c4ccc(Oc5ccccc5)cc4)nn32)CC1,0.0456733287040158,0.010019396,0.13229516,0.071879074,1529,1662,2450,0.38372093,35,True,364,65.59
1715,CHEMBL2024517,CARIPRAZINE HYDROCHLORIDE,CN(C)C(=O)N[C@H]1CC[C@H](CCN2CCN(c3cccc(Cl)c3Cl)CC2)CC1.Cl,0.0455863963985884,0.0064164093,0.015764166,0.9365755,1684,2663,558,0.32467532,29,True,365,65.77
1717,CHEMBL1678,DONEPEZIL HYDROCHLORIDE,COc1cc2c(cc1OC)C(=O)C(CC1CCN(Cc3ccccc3)CC1)C2.Cl,0.0454322260303494,0.0033683425,0.028831534,0.96562415,1934,2431,442,0.3548387,29,True,366,65.95
1718,CHEMBL1200368,BENTIROMIDE,O=C(O)c1ccc(NC(=O)[C@H](Cc2ccc(O)cc2)NC(=O)c2ccccc2)cc1,0.0454144728781495,0.00013671776,0.7776273,0.881021,2938,263,733,0.30666667,30,True,367,66.13
1720,CHEMBL1096882,FLUDARABINE PHOSPHATE,Nc1nc(F)nc2c1ncn2[C@@H]1O[C@H](COP(=O)(O)O)[C@@H](O)[C@@H]1O,0.045244110140548,0.085417084,0.049626254,0.021848919,761,2184,2718,0.36263737,24,True,368,66.31
1726,CHEMBL1442422,DIBENZEPIN,CN(C)CCN1C(=O)c2ccccc2N(C)c2ccccc21,0.0446321932582172,0.014015679,0.029838178,0.21259752,1404,2418,1947,0.39583334,22,True,369,66.49
1727,CHEMBL101,PHENYLBUTAZONE,CCCCC1C(=O)N(c2ccccc2)N(c2ccccc2)C1=O,0.0445479701343014,0.0014330455,0.3076861,0.20050074,2254,1042,1982,0.30612245,23,True,370,66.67
1728,CHEMBL711,PHENINDIONE,O=C1c2ccccc2C(=O)C1c1ccccc1,0.0445397962055677,0.021198887,0.02864653,0.14549884,1263,2435,2155,0.35135135,17,True,371,66.85
1730,CHEMBL1201067,BIPERIDEN LACTATE,CC(O)C(=O)O.OC(CCN1CCCCC1)(c1ccccc1)C1CC2C=CC1C2,0.0444933699764465,0.00045746568,0.21805343,0.88300776,2617,1309,725,0.30882353,29,True,372,67.03
1735,CHEMBL188921,BUFLOMEDIL,COc1cc(OC)c(C(=O)CCCN2CCCC2)c(OC)c1,0.0441997701108998,0.0039276746,0.022802344,0.96415085,1872,2525,453,0.33333334,22,True,373,67.21
1741,CHEMBL58323,LACOSAMIDE,COC[C@@H](NC(C)=O)C(=O)NCc1ccccc1,0.0438549684592708,0.0002552144,0.34930068,0.94613254,2772,928,516,0.3108108,18,True,374,67.39
1743,CHEMBL231779,APIXABAN,COc1ccc(-n2nc(C(N)=O)c3c2C(=O)N(c2ccc(N4CCCCC4=O)cc2)CC3)cc1,0.0437272453167811,0.0067538377,0.13895832,0.0890884,1667,1632,2384,0.3139535,34,True,375,67.57
1758,CHEMBL502,DONEPEZIL,COc1cc2c(cc1OC)C(=O)C(CC1CCN(Cc3ccccc3)CC1)C2,0.0426270665901096,0.002890672,0.02772782,0.96636635,1999,2446,437,0.36065573,28,True,376,67.75
1760,CHEMBL1200473,CYCLOPENTOLATE HYDROCHLORIDE,CN(C)CCOC(=O)C(c1ccccc1)C1(O)CCCC1.Cl,0.0426109824680428,0.0021294937,0.054640483,0.6649268,2110,2136,1145,0.31578946,22,True,377,67.93
1761,CHEMBL46,ONDANSETRON,Cc1nccn1CC1CCc2c(c3ccccc3n2C)C1=O,0.042588270323838,0.006701568,0.117204115,0.09834465,1671,1734,2342,0.3043478,22,True,378,68.11
1764,CHEMBL45,MELATONIN,COc1ccc2[nH]cc(CCNC(C)=O)c2c1,0.0425255920228872,0.0008021383,0.19648145,0.48795563,2447,1396,1412,0.36,17,True,379,68.29
1766,CHEMBL1529,DIPHENIDOL HYDROCHLORIDE,Cl.OC(CCCN1CCCCC1)(c1ccccc1)c1ccccc1,0.0422205778382378,0.004345183,0.018737968,0.9243616,1826,2595,609,0.3653846,24,True,380,68.47
1768,CHEMBL431770,ISTRADEFYLLINE,CCn1c(=O)c2c(nc(/C=C/c3ccc(OC)c(OC)c3)n2C)n(CC)c1=O,0.0418396237317298,0.017967656,0.40434813,0.010081299,1330,806,2835,0.31034482,28,True,381,68.65
1769,CHEMBL626,NAFTIFINE,CN(C/C=C/c1ccccc1)Cc1cccc2ccccc12,0.0416931591791723,0.0028991671,0.06002551,0.41647154,1997,2089,1538,0.3043478,22,True,382,68.83
1770,CHEMBL648,CYCLIZINE,CN1CCN(C(c2ccccc2)c2ccccc2)CC1,0.0415523027587997,0.004098296,0.019492568,0.8980754,1854,2580,688,0.34615386,20,True,383,69.01
1772,CHEMBL1200875,FLAVOXATE HYDROCHLORIDE,Cc1c(-c2ccccc2)oc2c(C(=O)OCCN3CCCCC3)cccc2c1=O.Cl,0.0414710830909026,0.011220888,0.043534085,0.14600897,1485,2242,2154,0.30985916,30,True,384,69.19
1774,CHEMBL936,DIPHENIDOL,OC(CCCN1CCCCC1)(c1ccccc1)c1ccccc1,0.0413799676514755,0.004838193,0.015482373,0.9459098,1782,2667,517,0.34615386,23,True,385,69.37
1775,CHEMBL1357648,AMODIAQUINE HYDROCHLORIDE,CCN(CC)Cc1cc(Nc2ccnc3cc(Cl)ccc23)ccc1O.Cl.Cl.O.O,0.0412964927319379,0.014356652,0.10065479,0.048736226,1397,1807,2577,0.33333334,29,True,386,69.55
1777,CHEMBL1531864,PIRENZEPINE HYDROCHLORIDE,CN1CCN(CC(=O)N2c3ccccc3C(=O)Nc3cccnc32)CC1.Cl.Cl,0.0412028828958346,0.0050753057,0.019407684,0.7101448,1768,2581,1086,0.38961038,28,True,387,69.73
1778,CHEMBL1625,OXYBENZONE,COc1ccc(C(=O)c2ccccc2)c(O)c1,0.0410887477403973,0.061307885,0.118126646,0.0095786555,902,1727,2848,0.39130434,17,True,388,69.91
1788,CHEMBL4297216,FEDRATINIB HYDROCHLORIDE,Cc1cnc(Nc2ccc(OCCN3CCCC3)cc2)nc1Nc1cccc(S(=O)(=O)NC(C)(C)C)c1.Cl.Cl.O,0.0405325689925209,0.0031924725,0.25313678,0.08240053,1954,1194,2409,0.46341464,40,True,389,70.09
1793,CHEMBL1018,DIENESTROL,C/C=C(C(=C/C)/c1ccc(O)cc1)\c1ccc(O)cc1,0.0397534102799772,0.00036950383,0.5265548,0.32289445,2672,599,1704,0.35714287,20,True,390,70.27
1800,CHEMBL571546,TIRBANIBULIN,O=C(Cc1ccc(-c2ccc(OCCN3CCOCC3)cc2)cn1)NCc1ccccc1,0.0392872348398214,0.0023608385,0.11299522,0.22731495,2072,1760,1906,0.43283582,32,True,391,70.45
1801,CHEMBL1287853,FEDRATINIB,Cc1cnc(Nc2ccc(OCCN3CCCC3)cc2)nc1Nc1cccc(S(=O)(=O)NC(C)(C)C)c1,0.0392564722465,0.0027723005,0.25313395,0.086207114,2017,1195,2395,0.475,37,True,392,70.63
1803,CHEMBL1282,IMIQUIMOD,CC(C)Cn1cnc2c(N)nc3ccccc3c21,0.0388443228248758,0.057974923,0.016839663,0.060035627,920,2641,2518,0.3,18,True,393,70.81
1817,CHEMBL1200809,AZELASTINE HYDROCHLORIDE,CN1CCCC(n2nc(Cc3ccc(Cl)cc3)c3ccccc3c2=O)CC1.Cl,0.0383869877793672,0.0042133904,0.018705463,0.71771497,1842,2597,1071,0.3125,28,True,394,70.99
1821,CHEMBL939,GEFITINIB,COc1cc2ncnc(Nc3ccc(F)c(Cl)c3)c2cc1OCCCN1CCOCC1,0.0381177247378468,0.97618234,0.33364984,0.00017004304,36,979,3252,0.5609756,31,True,395,71.17
1828,CHEMBL2028019,CARIPRAZINE,CN(C)C(=O)N[C@H]1CC[C@H](CCN2CCN(c3cccc(Cl)c3Cl)CC2)CC1,0.0376639071256809,0.0051740156,0.010974566,0.9409379,1763,2763,541,0.32894737,28,True,396,71.35
1832,CHEMBL682,AMODIAQUINE,CCN(CC)Cc1cc(Nc2ccnc3cc(Cl)ccc23)ccc1O,0.0375348633820284,0.009962252,0.098224014,0.05404174,1532,1825,2549,0.34177214,25,True,397,71.53
1837,CHEMBL1200675,TOREMIFENE CITRATE,CN(C)CCOc1ccc(/C(=C(/CCCl)c2ccccc2)c2ccccc2)cc1.O=C(O)CC(O)(CC(=O)O)C(=O)O,0.0372608786305264,0.0006857994,0.34023726,0.2217075,2489,953,1923,0.38709676,42,True,398,71.71
1838,CHEMBL193,NIFEDIPINE,COC(=O)C1=C(C)NC(C)=C(C(=O)OC)C1c1ccccc1[N+](=O)[O-],0.0370923067252901,0.003854748,0.1054077,0.12559815,1876,1789,2241,0.35185185,25,True,399,71.89
1846,CHEMBL1200478,DYCLONINE HYDROCHLORIDE,CCCCOc1ccc(C(=O)CCN2CCCCC2)cc1.Cl,0.0364005575176929,0.00022004903,0.3344069,0.65543485,2816,977,1161,0.65957445,22,True,400,72.07
1848,CHEMBL1493,FLAVOXATE,Cc1c(-c2ccccc2)oc2c(C(=O)OCCN3CCCCC3)cccc2c1=O,0.0363659623873364,0.009821505,0.03775364,0.12970251,1541,2323,2220,0.30769232,29,True,401,72.25
1854,CHEMBL4594292,TEPOTINIB HYDROCHLORIDE,CN1CCC(COc2cnc(-c3cccc(Cn4nc(-c5cccc(C#N)c5)ccc4=O)c3)nc2)CC1.Cl.O,0.0356327379569283,0.008955988,0.105337985,0.04795669,1571,1790,2581,0.31958762,39,True,402,72.43
1873,CHEMBL1070,NABUMETONE,COc1ccc2cc(CCC(C)=O)ccc2c1,0.0345375588692327,0.0002002115,0.27770272,0.7409787,2835,1118,1036,0.4047619,17,True,403,72.61
1875,CHEMBL139,DICLOFENAC,O=C(O)Cc1ccccc1Nc1c(Cl)cccc1Cl,0.0343633485281536,0.06792705,0.3252343,0.0018367391,865,1000,3045,0.30769232,19,True,404,72.79
1886,CHEMBL1201217,DYCLONINE,CCCCOc1ccc(C(=O)CCN2CCCCC2)cc1,0.0337339625175899,0.00015731322,0.34304464,0.71135473,2908,945,1083,0.63829786,21,True,405,72.97
1887,CHEMBL56564,TROPISETRON,CN1[C@@H]2CC[C@H]1C[C@@H](OC(=O)c1c[nH]c3ccccc13)C2,0.0337035610233752,0.007817782,0.022909744,0.21375853,1611,2523,1946,0.30508474,21,True,406,73.15
1899,CHEMBL639,AZELASTINE,CN1CCCC(n2nc(Cc3ccc(Cl)cc3)c3ccccc3c2=O)CC1,0.033182687199117,0.0034546102,0.01584922,0.6673102,1926,2662,1141,0.3164557,27,True,407,73.33
1901,CHEMBL1465,PHENPROCOUMON,CCC(c1ccccc1)c1c(O)c2ccccc2oc1=O,0.0331431387764157,0.03773107,0.12942049,0.0074555324,1081,1673,2887,0.35185185,21,True,408,73.51
1907,CHEMBL53418,DANTHRON,O=C1c2cccc(O)c2C(=O)c2c(O)cccc21,0.0329247904427766,0.02543402,0.027733566,0.05059975,1202,2445,2570,0.325,18,True,409,73.69
1922,CHEMBL1301,HYDROXYSTILBAMIDINE,N=C(N)c1ccc(/C=C/c2ccc(C(=N)N)cc2O)cc1,0.0322295279390523,0.00019441344,0.65446615,0.2631167,2846,410,1832,0.33333334,21,True,410,73.87
1946,CHEMBL411,DIETHYLSTILBESTROL,CC/C(=C(/CC)c1ccc(O)cc1)c1ccc(O)cc1,0.0310251727674379,0.00013605191,0.4907497,0.4472786,2940,649,1485,0.39285713,20,True,411,74.05
1959,CHEMBL9967,PIRENZEPINE,CN1CCN(CC(=O)N2c3ccccc3C(=O)Nc3cccnc32)CC1,0.0303985789501545,0.0032484762,0.012138899,0.71236235,1949,2736,1082,0.39473686,26,True,412,74.23
1960,CHEMBL1173655,AFATINIB,CN(C)C/C=C/C(=O)Nc1cc2c(Nc3ccc(F)c(Cl)c3)ncnc2cc1O[C@H]1CCOC1,0.0303546079700073,0.44433442,0.03322671,0.0018944219,267,2377,3043,0.6853933,34,True,413,74.41
1963,CHEMBL1592,QUINAPRIL,CCOC(=O)[C@H](CCc1ccccc1)N[C@@H](C)C(=O)N1Cc2ccccc2C[C@H]1C(=O)O,0.0302080887504281,0.002777942,0.0669503,0.14821565,2015,2043,2146,0.32954547,32,True,414,74.59
1964,CHEMBL1201011,QUINAPRIL HYDROCHLORIDE,CCOC(=O)[C@H](CCc1ccccc1)N[C@@H](C)C(=O)N1Cc2ccccc2C[C@H]1C(=O)O.Cl,0.030143130303638,0.002686701,0.07671808,0.13287644,2035,1970,2209,0.3258427,33,True,415,74.77
1968,CHEMBL3185958,CLOMIPHENE CITRATE,CCN(CC)CCOc1ccc(C(=C(Cl)c2ccccc2)c2ccccc2)cc1.O=C(O)CC(O)(CC(=O)O)C(=O)O,0.0300236471935491,0.020123132,0.07310491,0.018397052,1285,2000,2743,0.34666666,42,True,416,74.95
1976,CHEMBL296419,ASTEMIZOLE,COc1ccc(CCN2CCC(Nc3nc4ccccc4n3Cc3ccc(F)cc3)CC2)cc1,0.0298272161390802,0.006119332,0.0065212236,0.6649748,1698,2896,1144,0.35051546,34,True,417,75.14
1979,CHEMBL192,SILDENAFIL,CCCc1nn(C)c2c(=O)[nH]c(-c3cc(S(=O)(=O)N4CCN(C)CC4)ccc3OCC)nc12,0.0297556640114346,0.023387926,0.017730875,0.0635312,1230,2624,2501,0.6527778,33,True,418,75.32
1980,CHEMBL1229517,VEMURAFENIB,CCCS(=O)(=O)Nc1ccc(F)c(C(=O)c2c[nH]c3ncc(-c4ccc(Cl)cc4)cc23)c1F,0.0297539543334979,0.1321612,0.030535275,0.0065272194,582,2408,2905,0.43037975,33,True,419,75.5
2014,CHEMBL2325741,CAPIVASERTIB,NC1(C(=O)N[C@@H](CCO)c2ccc(Cl)cc2)CCN(c2nc[nH]c3nccc2-3)CC1,0.0283318466360591,0.002969547,0.062165704,0.12319231,1987,2075,2250,0.37777779,30,True,420,75.68
2026,CHEMBL117287,PRUCALOPRIDE,COCCCN1CCC(NC(=O)c2cc(Cl)c(N)c3c2OCC3)CC1,0.027822016364782,0.0077296216,0.0028148673,0.9898046,1616,3040,221,0.32608697,25,True,421,75.86
2054,CHEMBL297302,BENPERIDOL,O=C(CCCN1CCC(n2c(=O)[nH]c3ccccc32)CC1)c1ccc(F)cc1,0.0268243453181666,0.0046962164,0.116116874,0.03539516,1801,1739,2644,0.31578946,28,True,422,76.04
2060,CHEMBL6995,PRACTOLOL,CC(=O)Nc1ccc(OCC(O)CNC(C)C)cc1,0.0264099679735835,3.5724013e-05,0.5194386,0.9926802,3182,613,170,0.3220339,19,True,423,76.22
2078,CHEMBL2105719,DACOMITINIB,COc1cc2ncnc(Nc3ccc(F)c(Cl)c3)c2cc1NC(=O)/C=C/CN1CCCCC1.O,0.0255177219864586,0.25453502,0.054447744,0.0011989424,427,2139,3086,0.5543478,34,True,424,76.4
2090,CHEMBL254857,FIPEXIDE,O=C(COc1ccc(Cl)cc1)N1CCN(Cc2ccc3c(c2)OCO3)CC1,0.02504597714118,0.0036293885,0.0044446792,0.9739575,1906,2980,384,0.34375,27,True,425,76.58
2095,CHEMBL3989519,DOXAPRAM HYDROCHLORIDE,CCN1CC(CCN2CCOCC2)C(c2ccccc2)(c2ccccc2)C1=O.Cl.O,0.024774405277157,0.00015189334,0.26432008,0.3787396,2919,1165,1608,0.3181818,30,True,426,76.76
2100,CHEMBL698,TETRACAINE,CCCCNc1ccc(C(=O)OCCN(C)C)cc1,0.0246714841265893,0.00024764787,0.23363383,0.2595468,2783,1256,1840,0.31666666,19,True,427,76.94
2103,CHEMBL4297403,MELPHALAN FLUFENAMIDE HYDROCHLORIDE,CCOC(=O)[C@H](Cc1ccc(F)cc1)NC(=O)[C@@H](N)Cc1ccc(N(CCCl)CCCl)cc1.Cl,0.0244384520760088,5.702417e-05,0.42549348,0.60154665,3108,753,1243,0.33333334,34,True,428,77.12
2108,CHEMBL914,FEXOFENADINE,CC(C)(C(=O)O)c1ccc(C(O)CCCN2CCC(C(O)(c3ccccc3)c3ccccc3)CC2)cc1,0.0242975024008874,0.00077355484,0.06803546,0.27255774,2459,2035,1815,0.3125,37,True,429,77.3
2112,CHEMBL1255654,TETRACAINE HYDROCHLORIDE,CCCCNc1ccc(C(=O)OCCN(C)C)cc1.Cl,0.0242314288928483,0.00034500097,0.20259066,0.2035623,2690,1369,1972,0.3114754,20,True,430,77.48
2120,CHEMBL3402762,TEPOTINIB,CN1CCC(COc2cnc(-c3cccc(Cn4nc(-c5cccc(C#N)c5)ccc4=O)c3)nc2)CC1,0.0240665366769922,0.006420205,0.07342379,0.029570254,1683,1994,2677,0.32291666,37,True,431,77.66
2122,CHEMBL2110732,DACOMITINIB ANHYDROUS,COc1cc2ncnc(Nc3ccc(F)c(Cl)c3)c2cc1NC(=O)/C=C/CN1CCCCC1,0.0240025113741321,0.24525622,0.048982594,0.0011510871,437,2192,3088,0.5604396,33,True,432,77.84
2136,CHEMBL1201171,PRAMOXINE HYDROCHLORIDE,CCCCOc1ccc(OCCCN2CCOCC2)cc1.Cl,0.0235894975261829,0.0014197404,0.03181237,0.29063708,2257,2391,1773,0.49019608,22,True,433,78.02
2137,CHEMBL267744,TICRYNAFEN,O=C(O)COc1ccc(C(=O)c2cccs2)c(Cl)c1Cl,0.0234515971634526,0.016367398,0.117008984,0.006734704,1359,1735,2900,0.30645162,20,True,434,78.2
2145,CHEMBL1200787,PHENOXYBENZAMINE HYDROCHLORIDE,CC(COc1ccccc1)N(CCCl)Cc1ccccc1.Cl,0.023264327741824,0.00036028438,0.0355312,0.98359495,2680,2351,289,0.3148148,22,True,435,78.38
2154,CHEMBL1200618,FEXOFENADINE HYDROCHLORIDE,CC(C)(C(=O)O)c1ccc(C(O)CCCN2CCC(C(O)(c3ccccc3)c3ccccc3)CC2)cc1.Cl,0.0230533141099825,0.000733223,0.07098349,0.23540008,2473,2014,1887,0.30769232,38,True,436,78.56
2160,CHEMBL1201080,TRIMETHOPRIM HYDROCHLORIDE,COc1cc(Cc2cnc(N)nc2N)cc(OC)c1OC.Cl,0.0229108713517243,0.19263083,0.06387123,0.0009774482,495,2058,3104,0.59183675,22,True,437,78.74
2173,CHEMBL1198,PRAMOXINE,CCCCOc1ccc(OCCCN2CCOCC2)cc1,0.0222621147246721,0.0012857927,0.029550474,0.29037806,2285,2424,1774,0.5,21,True,438,78.92
2184,CHEMBL1201117,METHOCARBAMOL,COc1ccccc1OCC(O)COC(N)=O,0.0219815557281795,0.00023066105,0.07720335,0.59643745,2800,1966,1246,0.3508772,17,True,439,79.1
2188,CHEMBL783,NATEGLINIDE,CC(C)[C@H]1CC[C@H](C(=O)N[C@H](Cc2ccccc2)C(=O)O)CC1,0.0218575932302817,0.00017792555,0.25314024,0.2318503,2880,1193,1897,0.33898306,23,True,440,79.28
2189,CHEMBL1112,ARIPIPRAZOLE,O=C1CCc2ccc(OCCCCN3CCN(c4cccc(Cl)c4Cl)CC3)cc2N1,0.0218296602821541,0.028716799,0.00036240276,0.9995703,1163,3238,36,0.32911393,30,True,441,79.46
2195,CHEMBL1201120,REMIFENTANIL HYDROCHLORIDE,CCC(=O)N(c1ccccc1)C1(C(=O)OC)CCN(CCC(=O)OC)CC1.Cl,0.0216744121300628,0.00014516604,0.31698313,0.22127925,2926,1015,1926,0.3108108,28,True,442,79.64
2210,CHEMBL249856,ENOXIMONE,CSc1ccc(C(=O)c2[nH]c(=O)[nH]c2C)cc1,0.0211393534919137,0.012515091,0.26508826,0.0028474145,1452,1162,3000,0.37209302,17,True,443,79.82
2218,CHEMBL1754,DOXAPRAM,CCN1CC(CCN2CCOCC2)C(c2ccccc2)(c2ccccc2)C1=O,0.020904393966483,0.00010510645,0.2093237,0.41520724,2982,1345,1540,0.30769232,28,True,444,80.0
2226,CHEMBL4297522,PEMIGATINIB,CCN1C(=O)N(c2c(F)c(OC)cc(OC)c2F)Cc2cnc3[nH]c(CN4CCOCC4)cc3c21,0.0206599534381986,0.0015906829,0.0059502344,0.93168795,2220,2918,572,0.30555555,35,True,445,80.18
2229,CHEMBL4303060,MELPHALAN FLUFENAMIDE,CCOC(=O)[C@H](Cc1ccc(F)cc1)NC(=O)[C@@H](N)Cc1ccc(N(CCCl)CCCl)cc1,0.0205850315964527,3.4115368e-05,0.42497462,0.60164684,3189,757,1242,0.33734939,33,True,446,80.36
2240,CHEMBL22,TRIMETHOPRIM,COc1cc(Cc2cnc(N)nc2N)cc(OC)c1OC,0.0202154736190849,0.16597502,0.05259305,0.00094641314,521,2155,3106,0.6041667,21,True,447,80.54
2252,CHEMBL1257015,PICOTAMIDE,COc1ccc(C(=O)NCc2cccnc2)cc1C(=O)NCc1cccnc1,0.0196138651998061,0.0077612563,0.15232031,0.00638263,1613,1583,2911,0.41538462,28,True,448,80.72
2253,CHEMBL3183184,OCTINOXATE,CCCCC(CC)COC(=O)C=Cc1ccc(OC)cc1,0.0194964684584395,3.869995e-05,0.37046486,0.5169049,3167,871,1367,0.36956522,21,True,449,80.9
2260,CHEMBL2105497,ZIPEPROL,COC(CN1CCN(CC(O)C(OC)c2ccccc2)CC1)c1ccccc1,0.0192977194086305,0.0016620741,0.005435144,0.7955299,2198,2940,924,0.30508474,28,True,450,81.08
2304,CHEMBL1201294,DIPHENOXYLATE,CCOC(=O)C1(c2ccccc2)CCN(CCC(C#N)(c2ccccc2)c2ccccc2)CC1,0.0176885285398291,0.00049486046,0.07527111,0.14858127,2589,1982,2144,0.30666667,34,True,451,81.26
2309,CHEMBL1200665,DIPHENOXYLATE HYDROCHLORIDE,CCOC(=O)C1(c2ccccc2)CCN(CCC(C#N)(c2ccccc2)c2ccccc2)CC1.Cl,0.0175579017268911,0.0005113096,0.07888577,0.13419461,2576,1954,2203,0.32,35,True,452,81.44
2317,CHEMBL51,KETANSERIN,O=C(c1ccc(F)cc1)C1CCN(CCn2c(=O)[nH]c3ccccc3c2=O)CC1,0.0172324383056379,0.00729603,0.052775476,0.013289891,1642,2150,2792,0.3026316,29,True,453,81.62
2328,CHEMBL405110,METHYLENE BLUE ANHYDROUS,CN(C)c1ccc2nc3ccc(N(C)C)cc3[s+]c2c1.[Cl-],0.0168583796317452,0.15930697,0.173613,0.000173233,533,1488,3247,0.31111112,21,True,454,81.8
2330,CHEMBL786,TAMOXIFEN CITRATE,CC/C(=C(\c1ccccc1)c1ccc(OCCN(C)C)cc1)c1ccccc1.O=C(O)CC(O)(CC(=O)O)C(=O)O,0.0167350742875727,0.00055801094,0.15595539,0.053856704,2551,1555,2550,0.38333333,41,True,455,81.98
2335,CHEMBL2106483,VILOXAZINE HYDROCHLORIDE,CCOc1ccccc1OCC1CNCCO1.Cl,0.0166097958820606,0.0020093159,0.004717241,0.48345557,2135,2968,1419,0.39726028,18,True,456,82.16
2349,CHEMBL566752,FLORBETABEN F18,CNc1ccc(/C=C/c2ccc(OCCOCCOCC[18F])cc2)cc1,0.0160795515737968,3.832007e-05,0.3714313,0.29209018,3169,868,1768,0.30232558,26,True,457,82.34
2350,CHEMBL1908906,FLORBETABEN,CNc1ccc(/C=C/c2ccc(OCCOCCOCCF)cc2)cc1,0.0160795515737968,3.832007e-05,0.3714313,0.29209018,3169,868,1768,0.30232558,26,True,458,82.52
2354,CHEMBL1078261,PROPIVERINE,CCCOC(C(=O)OC1CCN(C)CC1)(c1ccccc1)c1ccccc1,0.0159083096756798,0.00043284206,0.033027183,0.28162494,2632,2378,1794,0.3283582,27,True,459,82.7
2362,CHEMBL2103837,TAFAMIDIS,O=C(O)c1ccc2nc(-c3cc(Cl)cc(Cl)c3)oc2c1,0.0155299610984484,0.010166807,0.03417622,0.010779594,1520,2367,2825,0.3137255,20,True,460,82.88
2370,CHEMBL1201,THIOTHIXENE,CN1CCN(CC/C=C2/c3ccccc3Sc3ccc(S(=O)(=O)N(C)C)cc32)CC1,0.015261278641794,0.032000728,0.016701384,0.006650594,1131,2644,2901,0.32,30,True,461,83.06
2376,CHEMBL3989824,THIOTHIXENE HYDROCHLORIDE,CN1CCN(CC/C=C2/c3ccccc3Sc3ccc(S(=O)(=O)N(C)C)cc32)CC1.Cl.Cl.O.O,0.0151017578306921,0.029282099,0.019570094,0.0060101785,1160,2577,2916,0.3116883,34,True,462,83.24
2385,CHEMBL2104941,INDORAMIN HYDROCHLORIDE,Cl.O=C(NC1CCN(CCc2c[nH]c3ccccc23)CC1)c1ccccc1,0.0149209330612546,0.00062357995,0.042647045,0.12491277,2525,2252,2244,0.37349397,27,True,463,83.42
2388,CHEMBL306700,VILOXAZINE,CCOc1ccccc1OCC1CNCCO1,0.0147687999914108,0.0017028732,0.0032162657,0.58816797,2188,3024,1257,0.4027778,17,True,464,83.6
2397,CHEMBL1256841,NIALAMIDE,O=C(CCNNC(=O)c1ccncc1)NCc1ccccc1,0.0145192902022562,0.003324462,0.038400363,0.023976153,1938,2308,2704,0.3220339,22,True,465,83.78
2432,CHEMBL75435,DEXKETOPROFEN,C[C@H](C(=O)O)c1cccc(C(=O)c2ccccc2)c1,0.0136836795360584,0.012726716,0.19395195,0.001038002,1448,1406,3099,0.35555556,19,True,466,83.96
2434,CHEMBL1706,NAPHAZOLINE HYDROCHLORIDE,Cl.c1ccc2c(CC3=NCCN3)cccc2c1,0.0136684958547706,0.0054198755,0.010008051,0.04707857,1744,2793,2589,0.33333334,17,True,467,84.14
2445,CHEMBL119,TRIMETREXATE,COc1cc(NCc2ccc3nc(N)nc(N)c3c2C)cc(OC)c1OC,0.0134757569406522,0.075744554,0.060087904,0.00053767645,819,2088,3161,0.328125,27,True,468,84.32
2458,CHEMBL506,PRIMAQUINE,COc1cc(NC(C)CCCN)c2ncccc2c1,0.0130094575033818,0.004218944,0.0067987163,0.07676214,1841,2884,2435,0.30769232,19,True,469,84.5
2466,CHEMBL782,TOLBUTAMIDE,CCCCNC(=O)NS(=O)(=O)c1ccc(C)cc1,0.0127945736586515,0.006345367,0.056375697,0.005855026,1687,2125,2921,0.33898306,18,True,470,84.68
2467,CHEMBL1520,VARDENAFIL,CCCc1nc(C)c2c(=O)nc(-c3cc(S(=O)(=O)N4CCN(CC)CC4)ccc3OCC)[nH]n12,0.0127901055091564,0.043959033,0.0039999154,0.011899358,1026,2989,2813,0.42857143,34,True,471,84.86
2469,CHEMBL599,MELOXICAM,Cc1cnc(NC(=O)C2=C(O)c3ccccc3S(=O)(=O)N2C)s1,0.0127439327229479,0.0025730184,0.043830734,0.018352225,2044,2237,2744,0.32051283,23,True,472,85.05
2473,CHEMBL1701,MEPERIDINE HYDROCHLORIDE,CCOC(=O)C1(c2ccccc2)CCN(C)CC1.Cl,0.0126986259759748,0.00019851328,0.074021496,0.13935505,2836,1991,2183,0.328125,19,True,473,85.23
2484,CHEMBL2106829,METHAQUALONE HYDROCHLORIDE,Cc1ccccc1-n1c(C)nc2ccccc2c1=O.Cl,0.0124868060549973,0.018887768,0.07250387,0.0014217144,1312,2004,3068,0.425,20,True,474,85.41
2503,CHEMBL607,MEPERIDINE,CCOC(=O)C1(c2ccccc2)CCN(C)CC1,0.0119754676066212,0.00017756168,0.064213894,0.1506257,2882,2055,2131,0.3125,18,True,475,85.59
2508,CHEMBL1297,FENOPROFEN,CC(C(=O)O)c1cccc(Oc2ccccc2)c1,0.0118828200790252,0.0057076765,0.42928725,0.0006847803,1723,749,3133,0.3529412,18,True,476,85.77
2518,CHEMBL282052,METHAQUALONE,Cc1ccccc1-n1c(C)nc2ccccc2c1=O,0.0116781357695696,0.018361278,0.06736069,0.0012876893,1318,2040,3082,0.43589744,19,True,477,85.95
2520,CHEMBL279516,INDORAMIN,O=C(NC1CCN(CCc2c[nH]c3ccccc23)CC1)c1ccccc1,0.0116457642225131,0.0005217603,0.032565624,0.09295519,2569,2383,2364,0.37804878,26,True,478,86.13
2526,CHEMBL396778,SAFINAMIDE,C[C@H](NCc1ccc(OCc2cccc(F)c2)cc1)C(N)=O,0.0113898394066649,0.0002591879,0.07727769,0.07377072,2769,1963,2445,0.3432836,22,True,479,86.31
2533,CHEMBL1909289,XENAZOIC ACID,CCOC(Nc1ccc(C(=O)O)cc1)C(=O)c1ccc(-c2ccccc2)cc1,0.0111360999150256,0.0025067877,0.16501394,0.0033385756,2056,1523,2984,0.33898306,28,True,480,86.49
2548,CHEMBL1092,TRIHEXYPHENIDYL HYDROCHLORIDE,Cl.OC(CCN1CCCCC1)(c1ccccc1)C1CCCCC1,0.0108043461062882,0.0002048666,0.007944613,0.77491075,2830,2849,968,0.36363637,23,True,481,86.67
2560,CHEMBL1200828,CYCRIMINE HYDROCHLORIDE,Cl.OC(CCN1CCCCC1)(c1ccccc1)C1CCCC1,0.0104941838073248,0.00019751904,0.0075813807,0.7717715,2839,2861,978,0.36363637,22,True,482,86.85
2569,CHEMBL118,CELECOXIB,Cc1ccc(-c2cc(C(F)(F)F)nn2-c2ccc(S(N)(=O)=O)cc2)cc1,0.0102143455266439,0.0051777745,0.01117115,0.018424284,1760,2757,2741,0.30645162,26,True,483,87.03
2572,CHEMBL1761,PROCYCLIDINE HYDROCHLORIDE,Cl.OC(CCN1CCCC1)(c1ccccc1)C1CCCCC1,0.0101988245455259,0.00018696822,0.0074011227,0.7666285,2857,2867,992,0.36363637,22,True,484,87.21
2592,CHEMBL294199,CAPSAICIN,COc1cc(CNC(=O)CCCC/C=C/C(C)C)ccc1O,0.0098025588689355,9.427741e-05,0.12188229,0.08197288,3002,1711,2413,0.30508474,22,True,485,87.39
2623,CHEMBL2403108,CERITINIB,Cc1cc(Nc2ncc(Cl)c(Nc3ccccc3S(=O)(=O)C(C)C)n2)c(OC(C)C)cc1C1CCNCC1,0.0092956372709697,0.0090387715,0.0027023724,0.032883868,1568,3047,2656,0.59302324,38,True,486,87.57
2625,CHEMBL1374379,BENZONATATE,CCCCNc1ccc(C(=O)OCCOCCOCCOCCOCCOCCOCCOCCOCCOC)cc1,0.0092874503473428,0.0001467707,0.05722764,0.09537715,2923,2118,2356,0.3114754,42,True,487,87.75
2626,CHEMBL1490,TRIHEXYPHENIDYL,OC(CCN1CCCCC1)(c1ccccc1)C1CCCCC1,0.009278562985527,0.0001921707,0.005211412,0.79762626,2849,2952,917,0.34545454,22,True,488,87.93
2635,CHEMBL1201035,BIPERIDEN HYDROCHLORIDE,Cl.OC(CCN1CCCCC1)(c1ccccc1)C1CC2C=CC1C2,0.0092072686892593,7.731343e-05,0.015195655,0.6643822,3051,2672,1147,0.32786885,24,True,489,88.11
2641,CHEMBL1265,ADAPALENE,COc1ccc(-c2ccc3cc(C(=O)O)ccc3c2)cc1C12CC3CC(CC(C3)C1)C2,0.0091169239701115,3.608232e-05,0.1545262,0.13590908,3179,1569,2197,0.3529412,31,True,490,88.29
2648,CHEMBL1519,TRANDOLAPRIL,CCOC(=O)[C@H](CCc1ccccc1)N[C@@H](C)C(=O)N1[C@H](C(=O)O)C[C@H]2CCCC[C@@H]21,0.0089854579462675,0.00015661187,0.05848558,0.07920401,2911,2104,2424,0.3125,31,True,491,88.47
2650,CHEMBL346235,DIAMTHAZOLE DIHYDROCHLORIDE,CCN(CC)CCOc1ccc2nc(N(C)C)sc2c1.Cl.Cl,0.008971592263573,0.09909614,0.018644229,0.00039084768,697,2600,3189,0.32857144,22,True,492,88.65
2654,CHEMBL1201227,CYCRIMINE,OC(CCN1CCCCC1)(c1ccccc1)C1CCCC1,0.0089126967560459,0.00018090989,0.0049320706,0.7934799,2876,2961,930,0.34545454,21,True,493,88.83
2662,CHEMBL2103736,FENOPROFEN CALCIUM,CC(C(=O)[O-])c1cccc(Oc2ccccc2)c1.CC(C(=O)[O-])c1cccc(Oc2ccccc2)c1.O.O.[Ca+2],0.0087586597416274,0.0052315556,0.35248557,0.00036436837,1756,925,3193,0.3272727,39,True,494,89.01
2666,CHEMBL1200874,TOLBUTAMIDE SODIUM,CCCCNC(=O)[N-]S(=O)(=O)c1ccc(C)cc1.[Na+],0.0087221912030249,0.0031902122,0.06789721,0.003063411,1956,2037,2992,0.30645162,19,True,495,89.19
2675,CHEMBL86715,PROCYCLIDINE,OC(CCN1CCCC1)(c1ccccc1)C1CCCCC1,0.0085929646475313,0.00016871373,0.0047703437,0.7883681,2894,2966,938,0.34545454,21,True,496,89.37
2690,CHEMBL1200769,TRIPELENNAMINE CITRATE,CN(C)CCN(Cc1ccccc1)c1ccccn1.O=C(O)CC(O)(CC(=O)O)C(=O)O,0.0082728875498373,0.0028272013,0.029626757,0.006759745,2010,2423,2899,0.3114754,32,True,497,89.55
2698,CHEMBL688,FENTANYL CITRATE,CCC(=O)N(c1ccccc1)C1CCN(CCc2ccccc2)CC1.O=C(O)CC(O)(CC(=O)O)C(=O)O,0.0081638070218301,0.0005201376,0.032291662,0.032394364,2570,2384,2661,0.34375,38,True,498,89.73
2711,CHEMBL1101,BIPERIDEN,OC(CCN1CCCCC1)(c1ccccc1)C1CC2C=CC1C2,0.0080169800395996,6.693134e-05,0.011364783,0.67739445,3080,2753,1126,0.3114754,23,True,499,89.91
2717,CHEMBL1168,RAMIPRIL,CCOC(=O)[C@H](CCc1ccccc1)N[C@@H](C)C(=O)N1[C@H](C(=O)O)C[C@@H]2CCC[C@@H]21,0.0078131481232337,0.00016853798,0.04179108,0.06771689,2895,2262,2473,0.3125,30,True,500,90.09
2724,CHEMBL4299940,MITAPIVAT,O=C(c1ccc(NS(=O)(=O)c2cccc3cccnc23)cc1)N1CCN(CC2CC2)CC1,0.0077542071869797,0.0021741127,0.019787546,0.010837724,2105,2573,2822,0.31944445,32,True,501,90.27
2725,CHEMBL1094636,NIRAPARIB,NC(=O)c1cccc2cn(-c3ccc([C@@H]4CCCNC4)cc3)nc12,0.0077067049092183,0.0037594459,0.028517686,0.0042694123,1888,2437,2951,0.3114754,24,True,502,90.45
2743,CHEMBL1201178,LISDEXAMFETAMINE DIMESYLATE,CS(=O)(=O)O.CS(=O)(=O)O.C[C@@H](Cc1ccccc1)NC(=O)[C@@H](N)CCCCN,0.0073666426083221,0.00021541104,0.08115679,0.022867363,2823,1937,2710,0.3030303,29,True,503,90.63
2747,CHEMBL1201159,FENTANYL HYDROCHLORIDE,CCC(=O)N(c1ccccc1)C1CCN(CCc2ccccc2)CC1.Cl,0.0073277128369728,0.00018623749,0.015998341,0.1320575,2860,2657,2213,0.4,26,True,504,90.81
2749,CHEMBL446,SULFAMETHAZINE,Cc1cc(C)nc(NS(=O)(=O)c2ccc(N)cc2)n1,0.0073191298887271,0.00028725446,0.08269812,0.01650501,2744,1926,2760,0.41666666,19,True,505,90.99
2753,CHEMBL1184360,DIAMTHAZOLE,CCN(CC)CCOc1ccc2nc(N(C)C)sc2c1,0.0072777646885627,0.07628707,0.0148219755,0.00034090775,818,2686,3199,0.33333334,20,True,506,91.17
2756,CHEMBL596,FENTANYL,CCC(=O)N(c1ccccc1)C1CCN(CCc2ccccc2)CC1,0.0072203166745855,0.00017770006,0.0136523,0.15515834,2881,2713,2118,0.4074074,25,True,507,91.35
2777,CHEMBL1998966,PIFOXIME,C/C(=N\O)c1ccc(OCC(=O)N2CCCCC2)cc1,0.0068760282998675,0.00026671655,0.122248515,0.009970562,2755,1710,2837,0.3508772,20,True,508,91.53
2779,CHEMBL1201196,SERTACONAZOLE,Clc1ccc(C(Cn2ccnc2)OCc2csc3c(Cl)cccc23)c(Cl)c1,0.0068359242414007,0.013696601,0.0015885367,0.014681881,1415,3121,2777,0.31506848,27,True,509,91.71
2783,CHEMBL571,KETOPROFEN,CC(C(=O)O)c1cccc(C(=O)c2ccccc2)c1,0.0066937284248394,0.009557828,0.18195786,0.00017245444,1550,1449,3249,0.35555556,19,True,510,91.89
2785,CHEMBL121,ROSIGLITAZONE,CN(CCOc1ccc(CC2SC(=O)NC2=O)cc1)c1ccccn1,0.0066729214479177,0.0017136526,0.021773295,0.007963445,2187,2545,2879,0.30487806,25,True,511,92.07
2815,CHEMBL1909285,NITREFAZOLE,Cc1nc([N+](=O)[O-])cn1-c1ccc([N+](=O)[O-])cc1,0.0060213382010833,0.0047612605,0.034348004,0.0013349213,1787,2362,3078,0.4318182,18,True,512,92.25
2816,CHEMBL527,PIROXICAM,CN1C(C(=O)Nc2ccccn2)=C(O)c2ccccc2S1(=O)=O,0.0059957848420452,0.0014127675,0.0140852835,0.010831831,2260,2699,2823,0.31343284,23,True,513,92.43
2818,CHEMBL349803,PIRETANIDE,NS(=O)(=O)c1cc(C(=O)O)cc(N2CCCC2)c1Oc1ccccc1,0.0059886406162322,0.0028648637,0.023515223,0.003188099,2006,2510,2987,0.30136988,25,True,514,92.61
2823,CHEMBL154,NAPROXEN,COc1ccc2cc([C@H](C)C(=O)O)ccc2c1,0.0059147248674499,0.0004973578,0.13743855,0.0030270952,2587,1640,2994,0.41463414,17,True,515,92.79
2827,CHEMBL485696,SULFISOMIDINE,Cc1cc(NS(=O)(=O)c2ccc(N)cc2)nc(C)n1,0.0058001199882391,0.00013886766,0.09934884,0.014143183,2934,1817,2788,0.31343284,19,True,516,92.97
2840,CHEMBL256997,ATALUREN,O=C(O)c1cccc(-c2noc(-c3ccccc3F)n2)c1,0.0055966392483568,0.0040290114,0.018221078,0.0023878624,1863,2612,3018,0.32786885,21,True,517,93.15
2853,CHEMBL1201032,RIZATRIPTAN BENZOATE,CN(C)CCc1c[nH]c2ccc(Cn3cncn3)cc12.O=C(O)c1ccccc1,0.0052687805313805,0.001102597,0.037327863,0.0035536978,2337,2331,2975,0.31460676,29,True,518,93.33
2890,CHEMBL86304,MOCLOBEMIDE,O=C(NCCN1CCOCC1)c1ccc(Cl)cc1,0.0044084925677485,0.00032230743,0.04709133,0.005644938,2710,2203,2925,0.47619048,18,True,519,93.51
2901,CHEMBL1200748,CARBIDOPA,C[C@@](Cc1ccc(O)c(O)c1)(NN)C(=O)O.O,0.0041828760655132,0.00081330305,0.18799375,0.00047866214,2441,1432,3169,0.30612245,17,True,520,93.69
2911,CHEMBL319144,MINODRONIC ACID,O=P(O)(O)C(O)(Cc1cnc2ccccn12)P(=O)(O)O,0.0040075069977146,0.006802981,0.001469245,0.006439164,1661,3129,2906,0.33870968,20,True,521,93.87
2915,CHEMBL43,AMSACRINE,COc1cc(NS(C)(=O)=O)ccc1Nc1c2ccccc2nc2ccccc12,0.0039708482860488,0.005585045,0.0026527038,0.0042260457,1731,3048,2952,0.3392857,28,True,522,94.05
2925,CHEMBL550348,DEFERASIROX,O=C(O)c1ccc(-n2nc(-c3ccccc3O)nc2-c2ccccc2O)cc1,0.003852284747014,0.003949113,0.01568558,0.0009229005,1870,2665,3109,0.36734694,28,True,523,94.23
2930,CHEMBL108,CARBAMAZEPINE,NC(=O)N1c2ccccc2C=Cc2ccccc21,0.0038153669476486,0.002960266,0.010491358,0.0017883248,1990,2774,3048,0.30952382,18,True,524,94.41
2982,CHEMBL1690,HYDROXYCHLOROQUINE SULFATE,CCN(CCO)CCCC(C)Nc1ccnc2cc(Cl)ccc12.O=S(=O)(O)O,0.0030438088782415,0.00116893,0.025861034,0.0009328626,2316,2471,3108,0.3258427,28,True,525,94.59
3060,CHEMBL1200806,NAPROXEN SODIUM,COc1ccc2cc([C@H](C)C(=O)[O-])ccc2c1.[Na+],0.0020582584927427,0.000566876,0.06964473,0.00022086332,2543,2027,3232,0.39534885,18,True,526,94.77
3074,CHEMBL2095209,ICOSAPENT ETHYL,CC/C=C\C/C=C\C/C=C\C/C=C\C/C=C\CCCC(=O)OCC,0.0019412236819263,5.396312e-06,0.01386936,0.097740255,3321,2706,2348,0.3018868,24,True,527,94.95
3088,CHEMBL1700,SOTALOL HYDROCHLORIDE,CC(C)NCC(O)c1ccc(NS(C)(=O)=O)cc1.Cl,0.0017878189575183,8.03009e-05,0.039267797,0.001812231,3043,2292,3046,0.30508474,19,True,528,95.14
3091,CHEMBL471,SOTALOL,CC(C)NCC(O)c1ccc(NS(C)(=O)=O)cc1,0.0017829682974322,7.674416e-05,0.038000755,0.0019435384,3053,2313,3042,0.31034482,18,True,529,95.32
3092,CHEMBL348000,CINCHOPHEN,O=C(O)c1cc(-c2ccccc2)nc2ccccc12,0.0017804995107437,0.0036663641,0.018511124,8.316817e-05,1902,2603,3302,0.3409091,19,True,530,95.5
3094,CHEMBL1201150,SUMATRIPTAN SUCCINATE,CNS(=O)(=O)Cc1ccc2[nH]cc(CCN(C)C)c2c1.O=C(O)CCC(=O)O,0.0017244567673097,0.00017330569,0.012577023,0.002352699,2885,2729,3022,0.30952382,28,True,531,95.68
3098,CHEMBL509,MECLOFENAMIC ACID,Cc1ccc(Cl)c(Nc2ccccc2C(=O)O)c1Cl,0.0016755936908232,0.0099017145,0.0078004096,6.0908576e-05,1535,2854,3317,0.3962264,19,True,532,95.86
3100,CHEMBL1200321,SULFISOXAZOLE DIOLAMINE,Cc1noc(NS(=O)(=O)c2ccc(N)cc2)c1C.OCCNCCO,0.0016693713230781,0.00066176016,0.010812511,0.000650177,2500,2767,3140,0.30882353,25,True,533,96.04
3119,CHEMBL686,MEFENAMIC ACID,Cc1cccc(Nc2ccccc2C(=O)O)c1C,0.0015004245069468,0.0021808303,0.13556902,1.1425101e-05,2104,1642,3375,0.3529412,18,True,534,96.22
3122,CHEMBL1200725,SERTACONAZOLE NITRATE,Clc1ccc(C(Cn2ccnc2)OCc2csc3c(Cl)cccc23)c(Cl)c1.O=[N+]([O-])O,0.0014677010351083,0.0020365529,0.026495289,5.859333e-05,2126,2461,3322,0.3,31,True,535,96.4
3134,CHEMBL1339,VARDENAFIL HYDROCHLORIDE,CCCc1nc(C)c2c(O)nc(-c3cc(S(=O)(=O)N4CCN(CC)CC4)ccc3OCC)nn12.Cl,0.0013251797177037,0.00037621032,0.0029195868,0.0021187137,2666,3034,3032,0.47560975,35,True,536,96.58
3135,CHEMBL408513,BELINOSTAT,O=C(/C=C/c1cccc(S(=O)(=O)Nc2ccccc2)c1)NO,0.0013238378314683,0.0008822654,0.015380868,0.0001709717,2418,2669,3251,0.32394367,22,True,537,96.76
3151,CHEMBL3989408,IBUPROFEN SODIUM,CC(C)Cc1ccc(C(C)C(=O)[O-])cc1.O.O.[Na+],0.0011413754612517,0.0004081871,0.024477024,0.00014882216,2652,2496,3259,0.30769232,18,True,538,96.94
3157,CHEMBL1201165,QUINESTROL,C#C[C@]1(O)CC[C@H]2[C@@H]3CCc4cc(OC5CCCC5)ccc4[C@H]3CC[C@@]21C,0.0010925799104743,1.275397e-05,0.0001049405,0.97447556,3274,3290,378,0.31428573,27,True,539,97.12
3173,CHEMBL1201003,ELETRIPTAN HYDROBROMIDE,Br.CN1CCC[C@@H]1Cc1c[nH]c2ccc(CCS(=O)(=O)c3ccccc3)cc12,0.0009928149504031,0.0003273305,0.0047112177,0.0006345783,2706,2970,3142,0.3255814,28,True,540,97.3
3174,CHEMBL934,METYRAPONE,CC(C)(C(=O)c1cccnc1)c1cccnc1,0.000981882665419,0.0013569109,0.0122968415,5.6732784e-05,2269,2734,3324,0.33333334,17,True,541,97.48
3181,CHEMBL3716057,GEFAPIXANT,COc1cc(C(C)C)c(Oc2cnc(N)nc2N)cc1S(N)(=O)=O,0.0009275993687644,0.00052979146,0.0036002079,0.0004184551,2565,3010,3183,0.32307693,24,True,542,97.66
3221,CHEMBL1109,SULFAPHENAZOLE,Nc1ccc(S(=O)(=O)Nc2ccnn2-c2ccccc2)cc1,0.0006559140447259,0.0016384504,0.0019005212,9.062221e-05,2209,3099,3296,0.33333334,22,True,543,97.84
3223,CHEMBL56367,NIMESULIDE,CS(=O)(=O)Nc1ccc([N+](=O)[O-])cc1Oc1ccccc1,0.0006512948045732,0.0007565554,0.0029048352,0.00012571024,2466,3035,3270,0.33333334,21,True,544,98.02
3238,CHEMBL48582,SAFINAMIDE MESYLATE,CS(=O)(=O)O.C[C@H](NCc1ccc(OCc2cccc(F)c2)cc1)C(N)=O,0.0005418566450342,4.7090493e-06,0.01721252,0.001962797,3329,2635,3041,0.32394367,27,True,545,98.2
3258,CHEMBL438,SULFAMERAZINE,Cc1ccnc(NS(=O)(=O)c2ccc(N)cc2)n1,0.0004335132102981,9.0105365e-05,0.00590364,0.00015315705,3018,2920,3258,0.46666667,18,True,546,98.38
3264,CHEMBL1200359,SULFAMETER,COc1cnc(NS(=O)(=O)c2ccc(N)cc2)nc1,0.0004145089183244,5.478317e-05,0.007160066,0.0001815671,3115,2872,3242,0.3137255,19,True,547,98.56
3281,CHEMBL865,VALDECOXIB,Cc1onc(-c2ccccc2)c1-c1ccc(S(N)(=O)=O)cc1,0.0003079026987731,0.0005284844,0.001492359,3.7011367e-05,2566,3128,3345,0.33333334,22,True,548,98.74
3287,CHEMBL897,PROBENECID,CCCN(CCC)S(=O)(=O)c1ccc(C(=O)O)cc1,0.0002946026288878,0.00024833638,0.002118144,4.8608686e-05,2781,3079,3333,0.38,19,True,549,98.92
3291,CHEMBL1510,ELETRIPTAN,CN1CCC[C@@H]1Cc1c[nH]c2ccc(CCS(=O)(=O)c3ccccc3)cc12,0.000277837005682,0.00010757254,0.0017701894,0.00011262874,2976,3108,3279,0.32941177,27,True,550,99.1
3312,CHEMBL3189072,TIROFIBAN HYDROCHLORIDE,CCCCS(=O)(=O)N[C@@H](Cc1ccc(OCCCCC2CCNCC2)cc1)C(=O)O.Cl.O,0.0002238670153567,8.701303e-06,0.00925056,0.00013938558,3296,2813,3264,0.32954547,32,True,551,99.28
3319,CHEMBL916,TIROFIBAN,CCCCS(=O)(=O)N[C@@H](Cc1ccc(OCCCCC2CCNCC2)cc1)C(=O)O,0.0001925205404683,4.8593456e-06,0.009581936,0.00015324994,3327,2803,3257,0.3372093,30,True,552,99.46
3332,CHEMBL554,LAPATINIB,CS(=O)(=O)CCNCc1ccc(-c2ccc3ncnc(Nc4ccc(OCc5cccc(F)c5)c(Cl)c4)c3c2)o1,0.0001582690654523,0.00047714176,0.0007050077,1.1785463e-05,2603,3195,3374,0.7647059,40,True,553,99.64
3358,CHEMBL439,SULFADIAZINE,Nc1ccc(S(=O)(=O)Nc2ncccn2)cc1,9.834564153565642e-05,0.00012587085,0.0004051937,1.8649951e-05,2951,3231,3363,0.37931034,17,True,554,99.82
3362,CHEMBL473,DOFETILIDE,CN(CCOc1ccc(NS(C)(=O)=O)cc1)CCc1ccc(NS(C)(=O)=O)cc1,8.514550817421442e-05,3.8346084e-06,0.0026113805,6.164449e-05,3336,3050,3316,0.32258064,29,True,555,100.0
